obs_id,site_id,site_match_confidence,meta_source,study_citation,location_name,lat,lon,country_continent,koppen_geiger,whittaker_biome,climate_class_paperdefined,forest_change_metric,forest_change_submetric,forest_change_value_type,forest_change_value_point,forest_change_value_min,forest_change_value_max,forest_change_value_sd,forest_change_unit,hydro_response_metric,hydro_response_value_type,hydro_response_value_point,hydro_response_value_min,hydro_response_value_max,hydro_response_value_sd,hydro_response_unit,method_analysis,method_forest_change_measurement,method_hydro_response_measurement,watershed_area_km2,precip_mm_yr,spatial_scale,notes_flags,figure_table_source
yang2023_001,,,"Yang et al., 2023","Bosch and Hewlett, 1982","Alum Creek, #2",38.3,-81.8,North America,Cfa,Temperate seasonal forest,,forest_cover_change,,point,-45.0,,,,%,ET,point,-9.1,,,,%,PWE,% cover change (source study),catchment water balance,0.01,1330,,,Table S5
yang2023_002,,,"Yang et al., 2023","Bosch and Hewlett, 1982","Alum Creek, #3",38.3,-81.8,North America,Cfa,Temperate seasonal forest,,forest_cover_change,,point,-100.0,,,,%,ET,point,-19.2,,,,%,PWE,% cover change (source study),catchment water balance,0.01,1330,,,Table S5
yang2023_003,site_araguaia_river,exact,"Yang et al., 2023","Coe et al., 2011",Araguaia River,-15.0,-51.0,South America,Aw,Tropical seasonal forest/savanna,,forest_cover_change,,point,-27.0,,,,%,ET,point,-4.0,,,,%,HM,% cover change (source study),catchment water balance,82632.0,1730,,"possible cross-review match to Zhang et al. 2017 watershed(s) #2 by name - confidence=exact, not manually verified as same sub-watershed",Table S5
yang2023_004,site_b_berem_1,exact,"Yang et al., 2023","Bruijnzeel, 1990",B. Berem 1,4.3,101.4,Asia,Af,Tropical rain forest,,forest_cover_change,,point,-40.0,,,,%,ET,point,-9.9,,,,%,PWE,% cover change (source study),catchment water balance,0.13,1900,,"possible cross-review match to Zhang et al. 2017 watershed(s) #68 by name - confidence=exact, not manually verified as same sub-watershed",Table S5
yang2023_005,site_b_berem_2,exact,"Yang et al., 2023","Bruijnzeel, 1990",B. Berem 2,4.3,101.4,Asia,Af,Tropical rain forest,,forest_cover_change,,point,-33.0,,,,%,ET,point,-5.1,,,,%,PWE,% cover change (source study),catchment water balance,0.31,1900,,"possible cross-review match to Zhang et al. 2017 watershed(s) #69 by name - confidence=exact, not manually verified as same sub-watershed",Table S5
yang2023_006,site_b_kirkton,exact,"Yang et al., 2023","Blackie, 1993",B. Kirkton,55.1,-3.6,Europe,Cfb,Temperate seasonal forest,,forest_cover_change,,point,-20.0,,,,%,ET,point,-45.6,,,,%,PWE,% cover change (source study),catchment water balance,6.85,2354,,"possible cross-review match to Zhang et al. 2017 watershed(s) #70 by name - confidence=exact, not manually verified as same sub-watershed",Table S5
yang2023_007,site_b_monac,exact,"Yang et al., 2023","Blackie, 1993",B. Monac,56.4,-4.4,Europe,Cfb,Temperate seasonal forest,,forest_cover_change,,point,14.0,,,,%,ET,point,6.9,,,,%,PWE,% cover change (source study),catchment water balance,7.7,2770,,"possible cross-review match to Zhang et al. 2017 watershed(s) #71 by name - confidence=exact, not manually verified as same sub-watershed",Table S5
yang2023_008,site_bauta,exact,"Yang et al., 2023","Beck et al., 2013",Bauta,18.2,-66.5,North America,Af,Tropical rain forest,,forest_cover_change,,point,10.2,,,,%,ET,point,9.7,,,,%,HM,% cover change (source study),catchment water balance,43.5,2038,,"possible cross-review match to Zhang et al. 2017 watershed(s) #73 by name - confidence=exact, not manually verified as same sub-watershed",Table S5
yang2023_009,site_be_river_catchment,exact,"Yang et al., 2023","Nguyen Khoi and Suetsugi, 2014",Be River catchment,11.8,107.0,Asia,Aw,Tropical seasonal forest/savanna,,forest_cover_change,,point,-16.3,,,,%,ET,point,-0.3,,,,%,HM,% cover change (source study),catchment water balance,7500.0,2400,,"possible cross-review match to Zhang et al. 2017 watershed(s) #4 by name - confidence=exact, not manually verified as same sub-watershed",Table S5
yang2023_010,,,"Yang et al., 2023","Hibbert, 1979","Beaver Creek, #3-1",39.6,-106.5,North America,Dfc,Boreal forest,,forest_cover_change,,point,-83.0,,,,%,ET,point,-6.8,,,,%,PWE,% cover change (source study),catchment water balance,1.46,457,,,Table S5
yang2023_011,,,"Yang et al., 2023","Baker, 1986","Beaver Creek, #3-2",39.6,-106.5,North America,Dfc,Boreal forest,,forest_cover_change,,point,-78.0,,,,%,ET,point,-30.4,,,,%,PWE,% cover change (source study),catchment water balance,1.47,426,,,Table S5
yang2023_012,,,"Yang et al., 2023","Fowler et al., 1987","Blue Mountains, #1",45.5,-118.0,North America,Dsb,Boreal forest,,forest_cover_change,,point,-50.0,,,,%,ET,point,-28.1,,,,%,PWE,% cover change (source study),catchment water balance,0.14,1355,,,Table S5
yang2023_013,,,"Yang et al., 2023","Fowler et al., 1987","Blue Mountains, #2",45.5,-118.0,North America,Dsb,Boreal forest,,forest_cover_change,,point,-50.0,,,,%,ET,point,-16.4,,,,%,PWE,% cover change (source study),catchment water balance,0.14,1355,,,Table S5
yang2023_014,,,"Yang et al., 2023","Fowler et al., 1987","Blue Mountains, #3",45.5,-118.0,North America,Dsb,Boreal forest,,forest_cover_change,,point,-50.0,,,,%,ET,point,-11.3,,,,%,PWE,% cover change (source study),catchment water balance,0.14,1355,,,Table S5
yang2023_015,,,"Yang et al., 2023","Tuteja et al., 2007",Bombala,-36.9,149.2,Oceania,Cfb,Temperate seasonal forest,,forest_cover_change,,point,28.0,,,,%,ET,point,7.6,,,,%,HM,% cover change (source study),catchment water balance,563.0,783,,,Table S5
yang2023_016,site_c_fm-n,exact,"Yang et al., 2023","Robinson et al., 1991",C. FM-N,48.1,11.5,Europe,Cfb,Temperate seasonal forest,,forest_cover_change,,point,100.0,,,,%,ET,point,25.1,,,,%,PWE,% cover change (source study),catchment water balance,0.03,1410,,"possible cross-review match to Zhang et al. 2017 watershed(s) #86 by name - confidence=exact, not manually verified as same sub-watershed",Table S5
yang2023_017,site_c_fm-s,exact,"Yang et al., 2023","Robinson et al., 1991",C. FM-S,48.1,11.5,Europe,Cfb,Temperate seasonal forest,,forest_cover_change,,point,100.0,,,,%,ET,point,28.6,,,,%,PWE,% cover change (source study),catchment water balance,0.03,1410,,"possible cross-review match to Zhang et al. 2017 watershed(s) #87 by name - confidence=exact, not manually verified as same sub-watershed",Table S5
yang2023_018,,,"Yang et al., 2023","Beck et al., 2013",Canovanas,18.3,-65.9,North America,Af,Tropical rain forest,,forest_cover_change,,point,26.9,,,,%,ET,point,4.9,,,,%,HM,% cover change (source study),catchment water balance,26.5,3422,,,Table S5
yang2023_019,,,"Yang et al., 2023","Rich and Thompson, 1974",Castle Creek,34.0,-112.3,North America,BSk,Woodland/shrubland,,forest_cover_change,,point,-16.6,,,,%,ET,point,-6.3,,,,%,PWE,% cover change (source study),catchment water balance,3.64,640,,,Table S5
yang2023_020,site_chaohe,exact,"Yang et al., 2023","Wang et al., 2013",Chaohe,41.0,116.5,Asia,Dwa,Temperate seasonal forest,,forest_cover_change,,point,13.9,,,,%,ET,point,2.3,,,,%,"EA, HM",% cover change (source study),catchment water balance,4854.0,480,,"possible cross-review match to Zhang et al. 2017 watershed(s) #6 by name - confidence=exact, not manually verified as same sub-watershed",Table S5
yang2023_021,,,"Yang et al., 2023","Johnston, 1984",Chicken Creek,40.2,-111.2,North America,Dfc,Boreal forest,,forest_cover_change,,point,-100.0,,,,%,ET,point,-27.2,,,,%,PWE,% cover change (source study),catchment water balance,0.06,1900,,,Table S5
yang2023_022,site_cold_spring_brook,exact,"Yang et al., 2023","Schneider and Ayer, 1961",Cold Spring Brook,43.0,-76.6,North America,Dfb,Temperate seasonal forest,,forest_cover_change,,point,35.0,,,,%,ET,point,41.5,,,,%,PWE,% cover change (source study),catchment water balance,3.91,1030,,"possible cross-review match to Zhang et al. 2017 watershed(s) #102 by name - confidence=exact, not manually verified as same sub-watershed",Table S5
yang2023_023,site_columbia_river,exact,"Yang et al., 2023","Matheussen et al., 2000",Columbia River,44.0,-116.0,North America,BSk,Temperate grassland/desert,,forest_cover_change,,point,-21.0,,,,%,ET,point,-9.0,,,,%,HM,% cover change (source study),catchment water balance,567000.0,1200,,"possible cross-review match to Zhang et al. 2017 watershed(s) #7 by name - confidence=exact, not manually verified as same sub-watershed",Table S5
yang2023_024,,,"Yang et al., 2023","Harrold et al., 1962","Coshocton, #172",40.3,-81.9,North America,Dfa,Temperate seasonal forest,,forest_cover_change,,point,70.0,,,,%,ET,point,20.1,,,,%,PWE,% cover change (source study),catchment water balance,0.18,970,,,Table S5
yang2023_025,,,"Yang et al., 2023","Swank and Miner, 1968","Coweeta, #1",35.1,-83.4,North America,Cfa,Temperate seasonal forest,,forest_cover_change,,point,-100.0,,,,%,ET,point,-15.2,,,,%,PWE,% cover change (source study),catchment water balance,0.16,1730,,,Table S5
yang2023_026,,,"Yang et al., 2023","Johnson and Kovner,1956","Coweeta, #10",35.1,-83.4,North America,Cfa,Temperate seasonal forest,,forest_cover_change,,point,-30.0,,,,%,ET,point,-3.2,,,,%,PWE,% cover change (source study),catchment water balance,0.86,1850,,,Table S5
yang2023_027,,,"Yang et al., 2023","Swift and Swan, 1980","Coweeta, #13",35.1,-83.4,North America,Cfa,Temperate seasonal forest,,forest_cover_change,,point,-100.0,,,,%,ET,point,-35.8,,,,%,PWE,% cover change (source study),catchment water balance,0.16,1900,,,Table S5
yang2023_028,,,"Yang et al., 2023","Swank and Miner, 1968","Coweeta, #17",35.1,-83.4,North America,Cfa,Temperate seasonal forest,,forest_cover_change,,point,-100.0,,,,%,ET,point,-37.3,,,,%,PWE,% cover change (source study),catchment water balance,0.14,1890,,,Table S5
yang2023_029,,,"Yang et al., 2023","Johnson and Kovner, 1956","Coweeta, #19",35.1,-83.4,North America,Cfa,Temperate seasonal forest,,forest_cover_change,,point,-22.0,,,,%,ET,point,-9.1,,,,%,PWE,% cover change (source study),catchment water balance,0.28,2000,,,Table S5
yang2023_030,,,"Yang et al., 2023","Hewlett and Hibbert, 1961","Coweeta, #22",35.1,-83.4,North America,Cfa,Temperate seasonal forest,,forest_cover_change,,point,-50.0,,,,%,ET,point,-24.2,,,,%,PWE,% cover change (source study),catchment water balance,0.34,2070,,,Table S5
yang2023_031,,,"Yang et al., 2023","Hewlett and Douglass, 1968; Douglass and Swank, 1976","Coweeta, #28",35.1,-83.4,North America,Cfa,Temperate seasonal forest,,forest_cover_change,,point,-51.0,,,,%,ET,point,-29.7,,,,%,PWE,% cover change (source study),catchment water balance,1.44,2270,,,Table S5
yang2023_032,,,"Yang et al., 2023","Swank and Douglass, 1974","Coweeta, #3",35.1,-83.4,North America,Cfa,Temperate seasonal forest,,forest_cover_change,,point,-100.0,,,,%,ET,point,-10.6,,,,%,PWE,% cover change (source study),catchment water balance,0.09,1810,,,Table S5
yang2023_033,,,"Yang et al., 2023","Swank and Helvey, 1970; Swift and Swank, 1980","Coweeta, #37",35.1,-83.4,North America,Cfa,Temperate seasonal forest,,forest_cover_change,,point,-100.0,,,,%,ET,point,-39.2,,,,%,PWE,% cover change (source study),catchment water balance,0.44,2240,,,Table S5
yang2023_034,,,"Yang et al., 2023","Johnson and Kovner, 1956","Coweeta, #41",35.1,-83.4,North America,Cfa,Temperate seasonal forest,,forest_cover_change,,point,-53.0,,,,%,ET,point,-7.4,,,,%,PWE,% cover change (source study),catchment water balance,0.29,2030,,,Table S5
yang2023_035,,,"Yang et al., 2023","Swift and Swan, 1980","Coweeta, #6",35.1,-83.4,North America,Cfa,Temperate seasonal forest,,forest_cover_change,,point,-80.0,,,,%,ET,point,-26.2,,,,%,PWE,% cover change (source study),catchment water balance,0.09,1850,,,Table S5
yang2023_036,,,"Yang et al., 2023","Swank et al., 1988","Coweeta, #7",35.1,-83.4,North America,Cfa,Temperate seasonal forest,,forest_cover_change,,point,-100.0,,,,%,ET,point,-38.0,,,,%,PWE,% cover change (source study),catchment water balance,0.59,1825,,,Table S5
yang2023_037,,,"Yang et al., 2023","Harr, 1976","Coyote Creek, #1",44.1,-123.3,North America,Csb,Temperate rain forest,,forest_cover_change,,point,-50.0,,,,%,ET,point,-10.0,,,,%,PWE,% cover change (source study),catchment water balance,0.69,1230,,,Table S5
yang2023_038,,,"Yang et al., 2023","Harr, 1976","Coyote Creek, #2",44.1,-123.3,North America,Csb,Temperate rain forest,,forest_cover_change,,point,-30.0,,,,%,ET,point,-19.8,,,,%,PWE,% cover change (source study),catchment water balance,0.68,1230,,,Table S5
yang2023_039,,,"Yang et al., 2023","Harr, 1976","Coyote Creek, #3",44.1,-123.3,North America,Csb,Temperate rain forest,,forest_cover_change,,point,-100.0,,,,%,ET,point,-60.0,,,,%,PWE,% cover change (source study),catchment water balance,0.5,1230,,,Table S5
yang2023_040,site_cshc,exact,"Yang et al., 2023","Zhang et al., 2008",CSHC,37.5,110.5,Asia,BSk,Temperate grassland/desert,,forest_cover_change,,point,30.0,,,,%,ET,point,2.1,,,,%,EA,% cover change (source study),catchment water balance,129654.0,441,,"possible cross-review match to Zhang et al. 2017 watershed(s) #9 by name - confidence=exact, not manually verified as same sub-watershed",Table S5
yang2023_041,,,"Yang et al., 2023","Troendle and King, 1987","Deadhorse Creek, CO",39.9,-105.9,North America,Dfc,Boreal forest,,forest_cover_change,,point,-36.0,,,,%,ET,point,-22.9,,,,%,PWE,% cover change (source study),catchment water balance,2.7,762,,,Table S5
yang2023_042,,,"Yang et al., 2023","Harr, 1976",Deer Creek,44.3,-122.1,North America,Csb,Temperate rain forest,,forest_cover_change,,point,-25.0,,,,%,ET,point,-26.3,,,,%,PWE,% cover change (source study),catchment water balance,3.03,2480,,,Table S5
yang2023_043,site_dehra_dun,exact,"Yang et al., 2023","Bruijnzeel,1990",Dehra Dun,30.3,78.0,Asia,Cwa,Temperate seasonal forest,,forest_cover_change,,point,100.0,,,,%,ET,point,1.1,,,,%,PWE,% cover change (source study),catchment water balance,0.02,1430,,"possible cross-review match to Zhang et al. 2017 watershed(s) #128 by name - confidence=exact, not manually verified as same sub-watershed",Table S5
yang2023_044,site_delegate,exact,"Yang et al., 2023","Tuteja et al., 2007",Delegate,-37.0,148.9,Oceania,Cfb,Temperate seasonal forest,,forest_cover_change,,point,16.0,,,,%,ET,point,4.4,,,,%,HM,% cover change (source study),catchment water balance,1136.0,859,,"possible cross-review match to Zhang et al. 2017 watershed(s) #10 by name - confidence=exact, not manually verified as same sub-watershed",Table S5
yang2023_045,,,"Yang et al., 2023","Bent, 2001",Dickey Brook Basin,41.3,-73.9,North America,Dfa,Temperate seasonal forest,,forest_cover_change,,point,-32.0,,,,%,ET,point,-11.0,,,,%,PWE,% cover change (source study),catchment water balance,3.08,1250,,,Table S5
yang2023_046,site_dons,exact,"Yang et al., 2023","Ruprecht and Schofield, 1989",Dons,-37.3,144.6,Oceania,Csb,Woodland/shrubland,,forest_cover_change,,point,-38.0,,,,%,ET,point,-1.4,,,,%,PWE,% cover change (source study),catchment water balance,2.7,800,,"possible cross-review match to Zhang et al. 2017 watershed(s) #131 by name - confidence=exact, not manually verified as same sub-watershed",Table S5
yang2023_047,site_fajardo,exact,"Yang et al., 2023","Beck et al., 2013",Fajardo,18.3,-65.7,North America,Af,Tropical rain forest,,forest_cover_change,,point,19.6,,,,%,ET,point,6.8,,,,%,HM,% cover change (source study),catchment water balance,39.3,2875,,"possible cross-review match to Zhang et al. 2017 watershed(s) #132 by name - confidence=exact, not manually verified as same sub-watershed",Table S5
yang2023_048,,,"Yang et al., 2023","Reinhart et al., 1963; Kochenderfer et al., 1990","Fernow, WV #1",39.1,-79.7,North America,Cfa,Temperate seasonal forest,,forest_cover_change,,point,-85.0,,,,%,ET,point,-13.8,,,,%,PWE,% cover change (source study),catchment water balance,0.3,1520,,,Table S5
yang2023_049,,,"Yang et al., 2023","Patric, 1980; Kochenderfer et al., 1990","Fernow, WV #2",39.1,-79.7,North America,Cfa,Temperate seasonal forest,,forest_cover_change,,point,-36.0,,,,%,ET,point,-7.6,,,,%,PWE,% cover change (source study),catchment water balance,0.15,1500,,,Table S5
yang2023_050,,,"Yang et al., 2023","Reinhart et al., 1963","Fernow, WV #3-1",39.1,-79.7,North America,Cfa,Temperate seasonal forest,,forest_cover_change,,point,-13.0,,,,%,ET,point,-0.9,,,,%,PWE,% cover change (source study),catchment water balance,0.34,1500,,,Table S5
yang2023_051,,,"Yang et al., 2023","Patric, 1971, 1980","Fernow, WV #3-3",39.1,-79.7,North America,Cfa,Temperate seasonal forest,,forest_cover_change,,point,-91.0,,,,%,ET,point,-28.4,,,,%,PWE,% cover change (source study),catchment water balance,0.34,1500,,,Table S5
yang2023_052,,,"Yang et al., 2023","Reinhart et al., 1963","Fernow, WV #5-2",39.1,-79.7,North America,Cfa,Temperate seasonal forest,,forest_cover_change,,point,-20.0,,,,%,ET,point,-5.1,,,,%,PWE,% cover change (source study),catchment water balance,0.36,1470,,,Table S5
yang2023_053,,,"Yang et al., 2023","Kochenderfer et al., 1990","Fernow, WV #6",39.1,-79.7,North America,Cfa,Temperate seasonal forest,,forest_cover_change,,point,-50.0,,,,%,ET,point,-28.3,,,,%,PWE,% cover change (source study),catchment water balance,0.22,1440,,,Table S5
yang2023_054,,,"Yang et al., 2023","Kochenderfer et al., 1990","Fernow, WV #7",39.1,-79.7,North America,Cfa,Temperate seasonal forest,,forest_cover_change,,point,-50.0,,,,%,ET,point,-22.8,,,,%,PWE,% cover change (source study),catchment water balance,0.24,1470,,,Table S5
yang2023_055,site_flamisell,exact,"Yang et al., 2023","Buendia et al., 2016a",Flamisell,42.4,1.0,Europe,Csb,Woodland/shrubland,,forest_cover_change,,point,15.0,,,,%,ET,point,19.0,,,,%,EA,% cover change (source study),catchment water balance,345.0,1050,,"possible cross-review match to Zhang et al. 2017 watershed(s) #150 by name - confidence=exact, not manually verified as same sub-watershed",Table S5
yang2023_056,site_fool_creek_co-1,exact,"Yang et al., 2023","Troendle and King, 1985","Fool Creek, CO-1",39.9,-105.9,North America,Dfc,Boreal forest,,forest_cover_change,,point,-40.0,,,,%,ET,point,-30.6,,,,%,PWE,% cover change (source study),catchment water balance,2.89,760,,"possible cross-review match to Zhang et al. 2017 watershed(s) #151 by name - confidence=exact, not manually verified as same sub-watershed",Table S5
yang2023_057,site_fool_creek_co-2,exact,"Yang et al., 2023","Troendle and King, 1985","Fool Creek, CO-2",39.9,-105.9,North America,Dfc,Boreal forest,,forest_cover_change,,point,-40.0,,,,%,ET,point,-33.8,,,,%,PWE,% cover change (source study),catchment water balance,2.89,635,,"possible cross-review match to Zhang et al. 2017 watershed(s) #152 by name - confidence=exact, not manually verified as same sub-watershed",Table S5
yang2023_058,site_fool_creek_co-3,exact,"Yang et al., 2023","Alexander et al., 1985","Fool Creek, CO-3",39.9,-105.9,North America,Dfc,Boreal forest,,forest_cover_change,,point,-83.0,,,,%,ET,point,-13.3,,,,%,PWE,% cover change (source study),catchment water balance,2.89,712,,"possible cross-review match to Zhang et al. 2017 watershed(s) #153 by name - confidence=exact, not manually verified as same sub-watershed",Table S5
yang2023_059,site_fraser_forest_co-1,exact,"Yang et al., 2023","Alexander et al., 1985","Fraser Forest, CO-1",39.9,-105.9,North America,Dfc,Boreal forest,,forest_cover_change,,point,-66.0,,,,%,ET,point,-12.6,,,,%,PWE,% cover change (source study),catchment water balance,2.89,712,,"possible cross-review match to Zhang et al. 2017 watershed(s) #156 by name - confidence=exact, not manually verified as same sub-watershed",Table S5
yang2023_060,site_fraser_forest_co-2,exact,"Yang et al., 2023","Alexander et al., 1985","Fraser Forest, CO-2",39.9,-105.9,North America,Dfc,Boreal forest,,forest_cover_change,,point,-50.0,,,,%,ET,point,-6.5,,,,%,PWE,% cover change (source study),catchment water balance,2.89,712,,"possible cross-review match to Zhang et al. 2017 watershed(s) #157 by name - confidence=exact, not manually verified as same sub-watershed",Table S5
yang2023_061,site_frazer_colo_usa_fool_creek,exact,"Yang et al., 2023","Alexander and Watkins,1977; Andeassian, 2004","Frazer. Colo, USA, Fool Creek",40.0,-105.8,North America,Dfc,Boreal forest,,forest_cover_change,,point,-40.0,,,,%,ET,point,-30.7,,,,%,PWE,% cover change (source study),catchment water balance,2.89,762,,"possible cross-review match to Zhang et al. 2017 watershed(s) #158 by name - confidence=exact, not manually verified as same sub-watershed",Table S5
yang2023_062,,,"Yang et al., 2023","Beck et al., 2013",Grande de Loiza,18.2,-66.0,North America,Af,Tropical rain forest,,forest_cover_change,,point,28.7,,,,%,ET,point,0.8,,,,%,HM,% cover change (source study),catchment water balance,233.0,1963,,,Table S5
yang2023_063,,,"Yang et al., 2023","Beck et al., 2013",Grande de Manati,18.3,-66.5,North America,Af,Tropical rain forest,,forest_cover_change,,point,20.9,,,,%,ET,point,17.8,,,,%,HM,% cover change (source study),catchment water balance,346.0,2004,,,Table S5
yang2023_064,site_grande_de_patillas,exact,"Yang et al., 2023","Beck et al., 2013",Grande de Patillas,18.0,-66.0,North America,Am,Tropical rain forest,,forest_cover_change,,point,22.8,,,,%,ET,point,34.8,,,,%,HM,% cover change (source study),catchment water balance,46.3,1720,,"possible cross-review match to Zhang et al. 2017 watershed(s) #163 by name - confidence=exact, not manually verified as same sub-watershed",Table S5
yang2023_065,,,"Yang et al., 2023","Hewlett, 1979","Grant Forest, #18",33.7,-84.3,North America,Cfa,Temperate seasonal forest,,forest_cover_change,,point,-100.0,,,,%,ET,point,-33.9,,,,%,PWE,% cover change (source study),catchment water balance,0.33,1220,,,Table S5
yang2023_066,site_gushan,exact,"Yang et al., 2023","Zhang et al., 2008",Gushan,39.0,110.9,Asia,BSk,Temperate grassland/desert,,forest_cover_change,,point,19.0,,,,%,ET,point,4.9,,,,%,EA,% cover change (source study),catchment water balance,1304.0,433,,"possible cross-review match to Zhang et al. 2017 watershed(s) #13 by name - confidence=exact, not manually verified as same sub-watershed",Table S5
yang2023_067,site_hanjiang,exact,"Yang et al., 2023","Wang et al., 2012",Hanjiang,32.0,110.0,Asia,Cfa,Temperate seasonal forest,,forest_cover_change,,point,17.4,,,,%,ET,point,0.5,,,,%,HM,% cover change (source study),catchment water balance,159000.0,871,,"possible cross-review match to Zhang et al. 2017 watershed(s) #14 by name - confidence=exact, not manually verified as same sub-watershed",Table S5
yang2023_068,site_hansen,exact,"Yang et al., 2023","Ruprecht et al., 1991",Hansen,-37.8,144.9,Oceania,Csb,Woodland/shrubland,,forest_cover_change,,point,-75.0,,,,%,ET,point,-17.1,,,,%,PWE,% cover change (source study),catchment water balance,0.8,1200,,"possible cross-review match to Zhang et al. 2017 watershed(s) #167 by name - confidence=exact, not manually verified as same sub-watershed",Table S5
yang2023_069,site_hf1,exact,"Yang et al., 2023","Boggs et al., 2016",HF1,36.2,78.9,Asia,BWk (flagged — see note),Desert (flagged — see note),,forest_cover_change,,point,-92.0,,,,%,ET,point,-19.0,,,,%,PWE,% cover change (source study),catchment water balance,0.12,1220,,"coordinates (36.2, 78.9) fall in arid Tibetan-Plateau-margin China, implausible for this forested catchment study - used as listed but flagged as likely erroneous; possible cross-review match to Zhang et al. 2017 watershed(s) #168 by name - confidence=exact, not manually verified as same sub-watershed",Table S5
yang2023_070,site_hfw1,exact,"Yang et al., 2023","Boggs et al., 2016",HFW1,36.2,78.9,Asia,BWk (flagged — see note),Desert (flagged — see note),,forest_cover_change,,point,-33.0,,,,%,ET,point,-6.8,,,,%,PWE,% cover change (source study),catchment water balance,0.29,1220,,"coordinates (36.2, 78.9) fall in arid Tibetan-Plateau-margin China, implausible for this forested catchment study - used as listed but flagged as likely erroneous; possible cross-review match to Zhang et al. 2017 watershed(s) #170 by name - confidence=exact, not manually verified as same sub-watershed",Table S5
yang2023_071,,,"Yang et al., 2023","Harr, 1976; Harr et al., 1979","HJ Andrew, #10",44.2,-122.2,North America,Csb,Temperate rain forest,,forest_cover_change,,point,-100.0,,,,%,ET,point,-43.0,,,,%,PWE,% cover change (source study),catchment water balance,0.09,2330,,,Table S5
yang2023_072,,,"Yang et al., 2023","Harr, 1976; Harr et al., 1979","HJ Andrew, #1",44.2,-122.2,North America,Csb,Temperate rain forest,,forest_cover_change,,point,-100.0,,,,%,ET,point,-41.3,,,,%,PWE,% cover change (source study),catchment water balance,0.96,2388,,,Table S5
yang2023_073,,,"Yang et al., 2023","Harr, 1976; Harr et al., 1979","HJ Andrew, #3",44.2,-122.2,North America,Csb,Temperate rain forest,,forest_cover_change,,point,-30.0,,,,%,ET,point,-20.9,,,,%,PWE,% cover change (source study),catchment water balance,1.01,2388,,,Table S5
yang2023_074,,,"Yang et al., 2023","Harr, 1976; Harr et al., 1979","HJ Andrew, #6",44.2,-122.2,North America,Csb,Temperate rain forest,,forest_cover_change,,point,-100.0,,,,%,ET,point,-37.4,,,,%,PWE,% cover change (source study),catchment water balance,0.13,2150,,,Table S5
yang2023_075,,,"Yang et al., 2023","Harr, 1976; Harr et al., 1979","HJ Andrew, #7",44.2,-122.2,North America,Csb,Temperate rain forest,,forest_cover_change,,point,-60.0,,,,%,ET,point,-20.5,,,,%,PWE,% cover change (source study),catchment water balance,0.21,2150,,,Table S5
yang2023_076,,,"Yang et al., 2023","Rothacher, 1970","HJ Andrews, #1",44.2,-122.2,North America,Csb,Temperate rain forest,,forest_cover_change,,point,-100.0,,,,%,ET,point,-45.7,,,,%,PWE,% cover change (source study),catchment water balance,0.96,2390,,,Table S5
yang2023_077,,,"Yang et al., 2023","Harr, 1976","HJ Andrews, #10",44.2,-122.2,North America,Csb,Temperate rain forest,,forest_cover_change,,point,-100.0,,,,%,ET,point,-58.8,,,,%,PWE,% cover change (source study),catchment water balance,0.09,2330,,,Table S5
yang2023_078,,,"Yang et al., 2023","Harr, 1976","HJ Andrews, #3",44.2,-122.2,North America,Csb,Temperate rain forest,,forest_cover_change,,point,-30.0,,,,%,ET,point,-28.6,,,,%,PWE,% cover change (source study),catchment water balance,1.01,2390,,,Table S5
yang2023_079,,,"Yang et al., 2023","Harr, 1976","HJ Andrews, #6",44.2,-122.2,North America,Csb,Temperate rain forest,,forest_cover_change,,point,-100.0,,,,%,ET,point,-49.4,,,,%,PWE,% cover change (source study),catchment water balance,0.13,2150,,,Table S5
yang2023_080,,,"Yang et al., 2023","Harr, 1976","HJ Andrews, #7",44.2,-122.2,North America,Csb,Temperate rain forest,,forest_cover_change,,point,-60.0,,,,%,ET,point,-27.9,,,,%,PWE,% cover change (source study),catchment water balance,0.21,2150,,,Table S5
yang2023_081,site_huangfu,exact,"Yang et al., 2023","Zhang et al., 2008",Huangfu,39.7,111.0,Asia,BSk,Temperate grassland/desert,,forest_cover_change,,point,20.0,,,,%,ET,point,4.7,,,,%,EA,% cover change (source study),catchment water balance,3211.0,394,,"possible cross-review match to Zhang et al. 2017 watershed(s) #15 by name - confidence=exact, not manually verified as same sub-watershed",Table S5
yang2023_082,,,"Yang et al., 2023","Hornbeck et al., 1970","Hubbard Brook, N H #2",44.0,-71.8,North America,Dfb,Temperate seasonal forest,,forest_cover_change,,point,-100.0,,,,%,ET,point,-67.4,,,,%,PWE,% cover change (source study),catchment water balance,0.16,1219,,,Table S5
yang2023_083,,,"Yang et al., 2023","Beck et al., 2013",Inabon,18.1,-66.6,North America,Af,Tropical rain forest,,forest_cover_change,,point,54.3,,,,%,ET,point,20.6,,,,%,HM,% cover change (source study),catchment water balance,24.5,1781,,,Table S5
yang2023_084,site_jackwood,exact,"Yang et al., 2023","Cornish and Vertessy, 2001",Jackwood,-32.6,152.0,Oceania,Cfa,Temperate seasonal forest,,forest_cover_change,,point,-79.0,,,,%,ET,point,-3.5,,,,%,PWE,% cover change (source study),catchment water balance,0.13,1485,,"possible cross-review match to Zhang et al. 2017 watershed(s) #182 by name - confidence=exact, not manually verified as same sub-watershed",Table S5
yang2023_085,site_jackwood,exact,"Yang et al., 2023","Cornish and Vertessy, 2001",Jackwood,-32.6,152.0,Oceania,Cfa,Temperate seasonal forest,,forest_cover_change,,point,-79.0,,,,%,ET,point,-18.3,,,,%,PWE,% cover change (source study),catchment water balance,0.13,1485,,"possible cross-review match to Zhang et al. 2017 watershed(s) #182 by name - confidence=exact, not manually verified as same sub-watershed",Table S5
yang2023_086,site_jialu,exact,"Yang et al., 2023","Zhang et al., 2008",Jialu,38.0,110.1,Asia,BSk,Temperate grassland/desert,,forest_cover_change,,point,23.0,,,,%,ET,point,5.7,,,,%,EA,% cover change (source study),catchment water balance,1279.0,407,,"possible cross-review match to Zhang et al. 2017 watershed(s) #17 by name - confidence=exact, not manually verified as same sub-watershed",Table S5
yang2023_087,,,"Yang et al., 2023","Van der Zeland Kruger, 1975",Jonhershoek,-34.0,19.0,Africa,Csb,Woodland/shrubland,,forest_cover_change,,point,57.0,,,,%,ET,point,33.8,,,,%,PWE,% cover change (source study),catchment water balance,2.0,1390,,,Table S5
yang2023_088,site_juruá_river,exact,"Yang et al., 2023","Lima et al., 2014",Juruá River,-12.0,-68.0,South America,Af,Tropical rain forest,,forest_cover_change,,point,-4.0,,,,%,ET,point,-1.0,,,,%,HM,% cover change (source study),catchment water balance,169314.0,2300,,"possible cross-review match to Zhang et al. 2017 watershed(s) #18 by name - confidence=exact, not manually verified as same sub-watershed",Table S5
yang2023_089,,,"Yang et al., 2023","Nakano, 1971",Kamikawa-Kitatani,43.8,142.8,Asia,Dfb,Temperate seasonal forest,,forest_cover_change,,point,-90.0,,,,%,ET,point,-26.0,,,,%,PWE,% cover change (source study),catchment water balance,6.45,1438,,,Table S5
yang2023_090,site_kejie_watershed,exact,"Yang et al., 2023","Ma et al., 2010",Kejie watershed,25.1,99.2,Asia,Cwb,Temperate seasonal forest,,forest_cover_change,,point,33.8,,,,%,ET,point,7.3,,,,%,HM,% cover change (source study),catchment water balance,1755.0,966,,"possible cross-review match to Zhang et al. 2017 watershed(s) #19 by name - confidence=exact, not manually verified as same sub-watershed",Table S5
yang2023_091,site_kericho_sambret,exact,"Yang et al., 2023","Pereira, 1962",Kericho Sambret,-0.4,35.4,Africa,Cwb,Tropical seasonal forest/savanna,,forest_cover_change,,point,-34.0,,,,%,ET,point,-6.9,,,,%,PWE,% cover change (source study),catchment water balance,7.02,1905,,"possible cross-review match to Zhang et al. 2017 watershed(s) #187 by name - confidence=exact, not manually verified as same sub-watershed",Table S5
yang2023_092,,,"Yang et al., 2023","Nakano, 1971",Kitatani,35.5,140.3,Asia,Cfa,Temperate seasonal forest,,forest_cover_change,,point,-100.0,,,,%,ET,point,-24.9,,,,%,PWE,% cover change (source study),catchment water balance,0.17,1113,,,Table S5
yang2023_093,site_kuye,exact,"Yang et al., 2023","Zhang et al., 2008",Kuye,39.0,110.4,Asia,BSk,Temperate grassland/desert,,forest_cover_change,,point,20.0,,,,%,ET,point,5.2,,,,%,EA,% cover change (source study),catchment water balance,9289.0,400,,"possible cross-review match to Zhang et al. 2017 watershed(s) #21 by name - confidence=exact, not manually verified as same sub-watershed",Table S5
yang2023_094,site_la_baells_in_llobregat,exact,"Yang et al., 2023","Gallart et al.,2011",La Baells in Llobregat,42.0,1.7,Europe,Csb,Woodland/shrubland,,forest_cover_change,,point,14.0,,,,%,ET,point,12.8,,,,%,HM,% cover change (source study),catchment water balance,504.0,905,,"possible cross-review match to Zhang et al. 2017 watershed(s) #192 by name - confidence=exact, not manually verified as same sub-watershed",Table S5
yang2023_095,site_latrobe_river,probable,"Yang et al., 2023","Zhou et al., 2015",Latrobe River,-37.7,146.2,Oceania,Cfb,Temperate seasonal forest,,forest_cover_change,,point,-18.5,,,,%,ET,point,-9.1,,,,%,PWE,% cover change (source study),catchment water balance,293.0,1394,,"possible cross-review match to Zhang et al. 2017 watershed(s) #195 by name - confidence=probable, not manually verified as same sub-watershed",Table S5
yang2023_096,,,"Yang et al., 2023","Lynch et al., 1980","Leading Ridge, #2",40.7,-78.0,North America,Dfa,Temperate seasonal forest,,forest_cover_change,,point,-20.0,,,,%,ET,point,-10.0,,,,%,PWE,% cover change (source study),catchment water balance,0.43,1000,,,Table S5
yang2023_097,site_left_fork,exact,"Yang et al., 2023","Bruijnzeel,1990",Left Fork,15.0,121.4,Asia,Af,Tropical rain forest,,forest_cover_change,,point,-100.0,,,,%,ET,point,-6.3,,,,%,PWE,% cover change (source study),catchment water balance,0.01,3170,,"possible cross-review match to Zhang et al. 2017 watershed(s) #197 by name - confidence=exact, not manually verified as same sub-watershed",Table S5
yang2023_098,site_lianshui,exact,"Yang et al., 2023","Li et al., 2014",Lianshui,26.5,115.6,Asia,Cfa,Temperate seasonal forest,,forest_cover_change,,point,23.0,,,,%,ET,point,14.4,,,,%,HM,% cover change (source study),catchment water balance,579.0,1600,,"possible cross-review match to Zhang et al. 2017 watershed(s) #198 by name - confidence=exact, not manually verified as same sub-watershed",Table S5
yang2023_099,site_luano,exact,"Yang et al., 2023","Bruijnzeel,1990",Luano,-14.8,29.6,Africa,Cwa,Tropical seasonal forest/savanna,,forest_cover_change,,point,-100.0,,,,%,ET,point,-18.5,,,,%,PWE,% cover change (source study),catchment water balance,1.2,1400,,"possible cross-review match to Zhang et al. 2017 watershed(s) #200 by name - confidence=exact, not manually verified as same sub-watershed",Table S5
yang2023_100,site_lynx_ck,exact,"Yang et al., 2023","Mahat et al., 2016",Lynx Ck,49.8,-113.2,North America,Dfb,Boreal forest,,forest_cover_change,,point,-67.0,,,,%,ET,point,-38.2,,,,%,"QPW, EA",% cover change (source study),catchment water balance,8.21,1092,,"possible cross-review match to Zhang et al. 2017 watershed(s) #202 by name - confidence=exact, not manually verified as same sub-watershed",Table S5
yang2023_101,site_mabegondo,exact,"Yang et al., 2023","Rodriguez Suarez et al., 2014",Mabegondo,8.3,-43.2,Europe (flagged — see note),Cfb (flagged — see note),Temperate seasonal forest (flagged — see note),,forest_cover_change,,point,80.0,,,,%,ET,point,35.0,,,,%,HM,% cover change (source study),catchment water balance,0.1,1544,,"source coords look transposed (mid-Atlantic); Mabegondo is actually ~43.25N -8.22W Galicia, Spain - classified as Spain but verify against source paper; possible cross-review match to Zhang et al. 2017 watershed(s) #206 by name - confidence=exact, not manually verified as same sub-watershed",Table S5
yang2023_102,site_madeira_river,probable,"Yang et al., 2023","Lima et al., 2014",Madeira River,-14.0,-66.0,South America,Af,Tropical rain forest,,forest_cover_change,,point,-15.0,,,,%,ET,point,-5.0,,,,%,HM,% cover change (source study),catchment water balance,1393599.0,2000,,"possible cross-review match to Zhang et al. 2017 watershed(s) #29 by name - confidence=probable, not manually verified as same sub-watershed",Table S5
yang2023_103,site_madeira_river,probable,"Yang et al., 2023","Lima et al., 2014",Madeira River,-14.0,-66.0,South America,Af,Tropical rain forest,,forest_cover_change,,point,-15.0,,,,%,ET,point,-8.0,,,,%,HM,% cover change (source study),catchment water balance,1393599.0,2000,,"possible cross-review match to Zhang et al. 2017 watershed(s) #29 by name - confidence=probable, not manually verified as same sub-watershed",Table S5
yang2023_104,,,"Yang et al., 2023","Pearce et al., 1977","Maimai, M7",-42.1,171.7,Oceania,Cfb,Temperate rain forest,,forest_cover_change,,point,-100.0,,,,%,ET,point,-59.1,,,,%,PWE,% cover change (source study),catchment water balance,0.04,2600,,,Table S5
yang2023_105,,,"Yang et al., 2023","Pearce et al., 1980","Maimai, M9",-42.1,171.7,Oceania,Cfb,Temperate rain forest,,forest_cover_change,,point,-75.0,,,,%,ET,point,-49.1,,,,%,PWE,% cover change (source study),catchment water balance,0.08,2600,,,Table S5
yang2023_106,,,"Yang et al., 2023","Hornbeck et at., 1993","Marcell, #4",48.0,-90.6,North America,Dfb,Boreal forest,,forest_cover_change,,point,-100.0,,,,%,ET,point,-17.5,,,,%,PWE,% cover change (source study),catchment water balance,0.34,760,,,Table S5
yang2023_107,site_meijiang-d,exact,"Yang et al., 2023","Liu et al., 2015",Meijiang-D,26.5,116.0,Asia,Cfa,Temperate seasonal forest,,forest_cover_change,,point,-11.0,,,,%,ET,point,-2.5,,,,%,"EA, SH",% cover change (source study),catchment water balance,6983.0,1739,,"possible cross-review match to Zhang et al. 2017 watershed(s) #30 by name - confidence=exact, not manually verified as same sub-watershed",Table S5
yang2023_108,site_meijiang-r,exact,"Yang et al., 2023","Liu et al., 2015",Meijiang-R,26.5,116.0,Asia,Cfa,Temperate seasonal forest,,forest_cover_change,,point,46.0,,,,%,ET,point,1.2,,,,%,"EA, SH",% cover change (source study),catchment water balance,6983.0,1739,,"possible cross-review match to Zhang et al. 2017 watershed(s) #31 by name - confidence=exact, not manually verified as same sub-watershed",Table S5
yang2023_109,site_mores_creek,exact,"Yang et al., 2023","VanShaar et al., 2002",Mores Creek,43.6,-116.0,North America,BSk,Temperate grassland/desert,,forest_cover_change,,point,-12.0,,,,%,ET,point,-3.6,,,,%,HM,% cover change (source study),catchment water balance,1033.0,850,,"possible cross-review match to Zhang et al. 2017 watershed(s) #33 by name - confidence=exact, not manually verified as same sub-watershed",Table S5
yang2023_110,site_mulchén,exact,"Yang et al., 2023","Iroumé and Palacios, 2013",Mulchén,-38.0,-72.0,South America,Csb,Temperate rain forest,,forest_cover_change,,point,50.0,,,,%,ET,point,48.0,,,,%,SH,% cover change (source study),catchment water balance,434.0,1597,,"possible cross-review match to Zhang et al. 2017 watershed(s) #218 by name - confidence=exact, not manually verified as same sub-watershed",Table S5
yang2023_111,,,"Yang et al., 2023","Hibbert et al., 1975","Natural Drainages, WS c",33.8,-111.2,North America,BSk,Woodland/shrubland,,forest_cover_change,,point,-100.0,,,,%,ET,point,-3.2,,,,%,PWE,% cover change (source study),catchment water balance,0.05,450,,,Table S5
yang2023_112,site_nilgiri,exact,"Yang et al., 2023","Samaraj et al., 1988",Nilgiri,11.5,76.6,Asia,Cwb,Tropical seasonal forest/savanna,,forest_cover_change,,point,59.0,,,,%,ET,point,8.8,,,,%,PWE,% cover change (source study),catchment water balance,0.32,1535,,"possible cross-review match to Zhang et al. 2017 watershed(s) #228 by name - confidence=exact, not manually verified as same sub-watershed",Table S5
yang2023_113,,,"Yang et al., 2023","Bent, 2001",North Creek,-17.4,145.9,Oceania,Am,Tropical rain forest,,forest_cover_change,,point,-67.0,,,,%,ET,point,-28.8,,,,%,PWE,% cover change (source study),catchment water balance,0.18,4239,,,Table S5
yang2023_114,,,"Yang et al., 2023","Hibbert,1979",North Fork,39.4,-106.4,North America,Dfb,Boreal forest,,forest_cover_change,,point,-32.0,,,,%,ET,point,-7.0,,,,%,PWE,% cover change (source study),catchment water balance,1.0,810,,,Table S5
yang2023_115,site_oleolega_catchment,exact,"Yang et al., 2023","Waterloo et al., 2007",Oleolega catchment,-17.8,177.4,Oceania,Af,Tropical rain forest,,forest_cover_change,,point,-90.0,,,,%,ET,point,-22.0,,,,%,HM,% cover change (source study),catchment water balance,0.63,1613,,"possible cross-review match to Zhang et al. 2017 watershed(s) #230 by name - confidence=exact, not manually verified as same sub-watershed",Table S5
yang2023_116,site_olius_in_cardener,exact,"Yang et al., 2023","Gallart et al.,2011",Olius in Cardener,41.7,1.4,Europe,Csb,Woodland/shrubland,,forest_cover_change,,point,22.0,,,,%,ET,point,17.9,,,,%,HM,% cover change (source study),catchment water balance,256.0,839,,"possible cross-review match to Zhang et al. 2017 watershed(s) #231 by name - confidence=exact, not manually verified as same sub-watershed",Table S5
yang2023_117,site_pine_tree_branch,exact,"Yang et al., 2023","Bosch and Hewlett, 1982",Pine Tree Branch,35.6,-88.8,North America,Cfa,Temperate seasonal forest,,forest_cover_change,,point,-75.0,,,,%,ET,point,-15.6,,,,%,PWE,% cover change (source study),catchment water balance,0.36,1230,,"possible cross-review match to Zhang et al. 2017 watershed(s) #242 by name - confidence=exact, not manually verified as same sub-watershed",Table S5
yang2023_118,,,"Yang et al., 2023","Lewis, 1968",Placer County,39.1,-120.7,North America,Csb,Temperate rain forest,,forest_cover_change,,point,-99.0,,,,%,ET,point,-31.1,,,,%,PWE,% cover change (source study),catchment water balance,0.05,640,,,Table S5
yang2023_119,site_purus_river,exact,"Yang et al., 2023","Lima et al., 2014",Purus River,-12.0,-72.0,South America,Af,Tropical rain forest,,forest_cover_change,,point,-6.0,,,,%,ET,point,-2.0,,,,%,HM,% cover change (source study),catchment water balance,371944.0,2300,,"possible cross-review match to Zhang et al. 2017 watershed(s) #39 by name - confidence=exact, not manually verified as same sub-watershed",Table S5
yang2023_120,site_ribera_salada,exact,"Yang et al., 2023","Buendia et al., 2016b",Ribera Salada,42.0,1.4,Europe,Csb,Woodland/shrubland,,forest_cover_change,,point,18.5,,,,%,ET,point,3.7,,,,%,HM,% cover change (source study),catchment water balance,65.0,602,,"possible cross-review match to Zhang et al. 2017 watershed(s) #249 by name - confidence=exact, not manually verified as same sub-watershed",Table S5
yang2023_121,site_rimbaud,exact,"Yang et al., 2023","Lavabre et al., 1993",Rimbaud,43.2,6.3,Europe,Csa,Woodland/shrubland,,forest_cover_change,,point,-85.0,,,,%,ET,point,-27.5,,,,%,PWE,% cover change (source study),catchment water balance,1.4,1164,,"possible cross-review match to Zhang et al. 2017 watershed(s) #250 by name - confidence=exact, not manually verified as same sub-watershed",Table S5
yang2023_122,site_roda_de_ter,exact,"Yang et al., 2023","Gallart et al., 2011",Roda de Ter,41.5,2.7,Europe,Csb,Woodland/shrubland,,forest_cover_change,,point,5.0,,,,%,ET,point,7.3,,,,%,HM,% cover change (source study),catchment water balance,1386.0,938,,"possible cross-review match to Zhang et al. 2017 watershed(s) #40 by name - confidence=exact, not manually verified as same sub-watershed",Table S5
yang2023_123,site_s_tekama,exact,"Yang et al., 2023","Bruijnzeel,1990",S. TekamA,4.0,102.3,Asia,Af,Tropical rain forest,,forest_cover_change,,point,-100.0,,,,%,ET,point,-6.2,,,,%,PWE,% cover change (source study),catchment water balance,0.38,1880,,"possible cross-review match to Zhang et al. 2017 watershed(s) #252 by name - confidence=exact, not manually verified as same sub-watershed",Table S5
yang2023_124,site_s_tekamb,exact,"Yang et al., 2023","Bruijnzeel,1990",S. TekamB,4.0,102.3,Asia,Af,Tropical rain forest,,forest_cover_change,,point,-60.0,,,,%,ET,point,-8.5,,,,%,PWE,% cover change (source study),catchment water balance,0.59,1880,,"possible cross-review match to Zhang et al. 2017 watershed(s) #253 by name - confidence=exact, not manually verified as same sub-watershed",Table S5
yang2023_125,,,"Yang et al., 2023","Rowe, 1963",San Dimas,34.2,-117.8,North America,Csa,Woodland/shrubland,,forest_cover_change,,point,-1.7,,,,%,ET,point,-1.0,,,,%,PWE,% cover change (source study),catchment water balance,3.54,650,,,Table S5
yang2023_126,site_sanchuan,exact,"Yang et al., 2023","Zhang et al., 2008",Sanchuan,37.4,111.4,Asia,BSk,Temperate grassland/desert,,forest_cover_change,,point,33.0,,,,%,ET,point,3.8,,,,%,EA,% cover change (source study),catchment water balance,4123.0,463,,"possible cross-review match to Zhang et al. 2017 watershed(s) #41 by name - confidence=exact, not manually verified as same sub-watershed",Table S5
yang2023_127,site_shiwang,exact,"Yang et al., 2023","Zhang et al., 2008",Shiwang,35.8,110.0,Asia,BSk,Temperate grassland/desert,,forest_cover_change,,point,42.0,,,,%,ET,point,1.3,,,,%,EA,% cover change (source study),catchment water balance,2327.0,537,,"possible cross-review match to Zhang et al. 2017 watershed(s) #42 by name - confidence=exact, not manually verified as same sub-watershed",Table S5
yang2023_128,site_south_york,exact,"Yang et al., 2023","Mahat et al., 2016",South York,49.8,-113.2,North America,Dfb,Boreal forest,,forest_cover_change,,point,-53.0,,,,%,ET,point,-30.2,,,,%,"QPW, EA",% cover change (source study),catchment water balance,3.59,1220,,"possible cross-review match to Zhang et al. 2017 watershed(s) #262 by name - confidence=exact, not manually verified as same sub-watershed",Table S5
yang2023_129,site_st_louis_creek_co-2,exact,"Yang et al., 2023","Alexander et al., 1985","St. Louis Creek, CO-2",39.9,-105.9,North America,Dfc,Boreal forest,,forest_cover_change,,point,-100.0,,,,%,ET,point,-20.5,,,,%,PWE,% cover change (source study),catchment water balance,2.89,712,,"possible cross-review match to Zhang et al. 2017 watershed(s) #265 by name - confidence=exact, not manually verified as same sub-watershed",Table S5
yang2023_130,site_starvation_creek,exact,"Yang et al., 2023","Zhou et al., 2015",Starvation Creek,-37.6,146.1,Oceania,Cfb,Temperate seasonal forest,,forest_cover_change,,point,-84.1,,,,%,ET,point,-15.8,,,,%,PWE,% cover change (source study),catchment water balance,31.5,1604,,"possible cross-review match to Zhang et al. 2017 watershed(s) #267 by name - confidence=exact, not manually verified as same sub-watershed",Table S5
yang2023_131,site_swartbos,exact,"Yang et al., 2023","Scott, 1993",Swartbos,-34.0,18.9,Africa,Csb,Woodland/shrubland,,forest_cover_change,,point,-100.0,,,,%,ET,point,-6.5,,,,%,PWE,% cover change (source study),catchment water balance,1.8,2270,,"possible cross-review match to Zhang et al. 2017 watershed(s) #269 by name - confidence=exact, not manually verified as same sub-watershed",Table S5
yang2023_132,,,"Yang et al., 2023","Beck et al., 2013",Tanama,18.3,-66.8,North America,Af,Tropical rain forest,,forest_cover_change,,point,42.7,,,,%,ET,point,3.9,,,,%,HM,% cover change (source study),catchment water balance,47.1,2102,,,Table S5
yang2023_133,,,"Yang et al., 2023","Nakano, 1971",Tatsunokuchiyama-Minamitani,38.5,141.2,Asia,Dfa,Temperate seasonal forest,,forest_cover_change,,point,-100.0,,,,%,ET,point,-24.3,,,,%,PWE,% cover change (source study),catchment water balance,0.23,1153,,,Table S5
yang2023_134,,,"Yang et al., 2023","Ganatsios and Tsioras, 2010","Taxiarhis University Forest, W2",40.3,23.5,Europe,Cfa,Temperate seasonal forest,,forest_cover_change,,point,-50.0,,,,%,ET,point,-1.5,,,,%,PWE,% cover change (source study),catchment water balance,19.5,1966,,,Table S5
yang2023_135,,,"Yang et al., 2023","Ganatsios and Tsioras, 2010","Taxiarhis University Forest, W3b",40.3,23.5,Europe,Cfa,Temperate seasonal forest,,forest_cover_change,,point,-100.0,,,,%,ET,point,-4.9,,,,%,PWE,% cover change (source study),catchment water balance,8.25,1966,,,Table S5
yang2023_136,,,"Yang et al., 2023","Ganatsios and Tsioras, 2010","Taxiarhis University Forest, W4a",40.3,23.5,Europe,Cfa,Temperate seasonal forest,,forest_cover_change,,point,-100.0,,,,%,ET,point,-4.9,,,,%,PWE,% cover change (source study),catchment water balance,7.7,1966,,,Table S5
yang2023_137,,,"Yang et al., 2023","Ganatsios and Tsioras, 2010","Taxiarhis University Forest, W4b",40.3,23.5,Europe,Cfa,Temperate seasonal forest,,forest_cover_change,,point,-50.0,,,,%,ET,point,-1.5,,,,%,PWE,% cover change (source study),catchment water balance,8.64,1966,,,Table S5
yang2023_138,,,"Yang et al., 2023","Gottfried, 1991",Thomas Creek,33.5,-112.2,North America,BSk,Woodland/shrubland,,forest_cover_change,,point,-34.0,,,,%,ET,point,-26.1,,,,%,PWE,% cover change (source study),catchment water balance,2.27,768,,,Table S5
yang2023_139,site_thomson,exact,"Yang et al., 2023","Borg et at., 1988",Thomson,-37.8,146.3,Oceania,Cfb,Temperate seasonal forest,,forest_cover_change,,point,70.0,,,,%,ET,point,10.4,,,,%,SH,% cover change (source study),catchment water balance,1.96,950,,"possible cross-review match to Zhang et al. 2017 watershed(s) #274 by name - confidence=exact, not manually verified as same sub-watershed",Table S5
yang2023_140,,,"Yang et al., 2023","Hibbert, 1971, 1979; Hibbert et al., 1975","Three Bar, WS b",33.8,-111.2,North America,BSk,Woodland/shrubland,,forest_cover_change,,point,-100.0,,,,%,ET,point,-5.3,,,,%,PWE,% cover change (source study),catchment water balance,0.19,580,,,Table S5
yang2023_141,,,"Yang et al., 2023","Hibbert, 1971, 1979; Hibbert et al., 1975","Three Bar, WS c",33.8,-111.2,North America,BSk,Woodland/shrubland,,forest_cover_change,,point,-100.0,,,,%,ET,point,-22.7,,,,%,PWE,% cover change (source study),catchment water balance,0.39,640,,,Table S5
yang2023_142,,,"Yang et al., 2023","Hibbert, 1971, 1979; Hibbert et al., 1975","Three Bar, WS f",33.8,-111.2,North America,BSk,Woodland/shrubland,,forest_cover_change,,point,-100.0,,,,%,ET,point,-12.6,,,,%,PWE,% cover change (source study),catchment water balance,0.28,680,,,Table S5
yang2023_143,site_tocantins_river,exact,"Yang et al., 2023","Costa et al., 2003",Tocantins River,-13.0,-48.0,South America,Aw,Tropical seasonal forest/savanna,,forest_cover_change,,point,-58.0,,,,%,ET,point,-3.4,,,,%,SH,% cover change (source study),catchment water balance,189048.0,2000,,"possible cross-review match to Zhang et al. 2017 watershed(s) #49 by name - confidence=exact, not manually verified as same sub-watershed",Table S5
yang2023_144,site_treated_a,exact,"Yang et al., 2023","Webb, 2009",Treated A,-33.5,149.0,Oceania,Cfa,Temperate seasonal forest,,forest_cover_change,,point,-43.2,,,,%,ET,point,-7.3,,,,%,PWE,% cover change (source study),catchment water balance,0.55,952,,"possible cross-review match to Zhang et al. 2017 watershed(s) #279 by name - confidence=exact, not manually verified as same sub-watershed",Table S5
yang2023_145,site_treated_b,probable,"Yang et al., 2023","Webb, 2009",Treated B,-33.5,149.0,Oceania,Cfa,Temperate seasonal forest,,forest_cover_change,,point,-40.3,,,,%,ET,point,-15.4,,,,%,PWE,% cover change (source study),catchment water balance,0.55,880,,"possible cross-review match to Zhang et al. 2017 watershed(s) #280 by name - confidence=probable, not manually verified as same sub-watershed",Table S5
yang2023_146,site_upper_tacuarembo,exact,"Yang et al., 2023","Silveira and Alonso, 2009",Upper Tacuarembo,-31.5,-55.7,South America,Cfa,Temperate grassland/desert,,forest_cover_change,,point,26.0,,,,%,ET,point,8.9,,,,%,SH,% cover change (source study),catchment water balance,2097.0,1300,,"possible cross-review match to Zhang et al. 2017 watershed(s) #50 by name - confidence=exact, not manually verified as same sub-watershed",Table S5
yang2023_147,site_valenciano,exact,"Yang et al., 2023","Beck et al., 2013",Valenciano,18.2,-65.9,North America,Af,Tropical rain forest,,forest_cover_change,,point,16.5,,,,%,ET,point,20.1,,,,%,HM,% cover change (source study),catchment water balance,41.5,2039,,"possible cross-review match to Zhang et al. 2017 watershed(s) #283 by name - confidence=exact, not manually verified as same sub-watershed",Table S5
yang2023_148,site_vez_river,exact,"Yang et al., 2023","Carvalho-Santos et al., 2016",Vez River,41.9,-8.4,Europe,Csb,Temperate seasonal forest,,forest_cover_change,,point,55.5,,,,%,ET,point,11.9,,,,%,HM,% cover change (source study),catchment water balance,252.0,1500,,"possible cross-review match to Zhang et al. 2017 watershed(s) #285 by name - confidence=exact, not manually verified as same sub-watershed",Table S5
yang2023_149,site_wagon_wheel_gap_co-1,exact,"Yang et al., 2023","Van Haveren, 1988","Wagon Wheel Gap, CO-1",37.8,-106.8,North America,Dfb,Boreal forest,,forest_cover_change,,point,-100.0,,,,%,ET,point,-6.5,,,,%,PWE,% cover change (source study),catchment water balance,0.81,544,,"possible cross-review match to Zhang et al. 2017 watershed(s) #291 by name - confidence=exact, not manually verified as same sub-watershed",Table S5
yang2023_150,site_wagon_wheel_gap_co-2,exact,"Yang et al., 2023","Bates and Henry, 1928","Wagon Wheel Gap, CO-2",37.8,-106.8,North America,Dfb,Boreal forest,,forest_cover_change,,point,-100.0,,,,%,ET,point,-12.4,,,,%,PWE,% cover change (source study),catchment water balance,0.81,536,,"possible cross-review match to Zhang et al. 2017 watershed(s) #292 by name - confidence=exact, not manually verified as same sub-watershed",Table S5
yang2023_151,site_weicheng_river_catchment,exact,"Yang et al., 2023","Zhang et al.,2015",Weicheng River catchment,31.7,105.5,Asia,Cfa,Temperate seasonal forest,,forest_cover_change,,point,10.0,,,,%,ET,point,2.1,,,,%,HM,% cover change (source study),catchment water balance,249.0,910,,"possible cross-review match to Zhang et al. 2017 watershed(s) #293 by name - confidence=exact, not manually verified as same sub-watershed",Table S5
yang2023_152,site_weifen,exact,"Yang et al., 2023","Zhang et al., 2008",Weifen,38.1,111.3,Asia,BSk,Temperate grassland/desert,,forest_cover_change,,point,27.0,,,,%,ET,point,1.8,,,,%,EA,% cover change (source study),catchment water balance,1548.0,492,,"possible cross-review match to Zhang et al. 2017 watershed(s) #54 by name - confidence=exact, not manually verified as same sub-watershed",Table S5
yang2023_153,,,"Yang et al., 2023","Zhao et al., 2013",Weihe River,35.0,106.0,Asia,BSk,Temperate grassland/desert,,forest_cover_change,,point,16.9,,,,%,ET,point,2.8,,,,%,EA,% cover change (source study),catchment water balance,106500.0,591,,,Table S5
yang2023_154,,,"Yang et al., 2023","Hibbert, 1980","White Spar, WS b",34.5,-112.5,North America,BSk,Woodland/shrubland,,forest_cover_change,,point,-15.0,,,,%,ET,point,-2.5,,,,%,PWE,% cover change (source study),catchment water balance,1.0,550,,,Table S5
yang2023_155,site_wicksend,exact,"Yang et al., 2023","Lane and Mackay, 2001",Wicksend,-36.8,149.5,Oceania,Cfb,Temperate seasonal forest,,forest_cover_change,,point,-22.0,,,,%,ET,point,-13.8,,,,%,PWE,% cover change (source study),catchment water balance,0.68,1200,,"possible cross-review match to Zhang et al. 2017 watershed(s) #297 by name - confidence=exact, not manually verified as same sub-watershed",Table S5
yang2023_156,site_wights,exact,"Yang et al., 2023","Ruprecht and Schofield, 1989",Wights,-27.4,152.8,Oceania,Cfa,Temperate seasonal forest,,forest_cover_change,,point,-100.0,,,,%,ET,point,-21.5,,,,%,PWE,% cover change (source study),catchment water balance,0.94,1200,,"possible cross-review match to Zhang et al. 2017 watershed(s) #298 by name - confidence=exact, not manually verified as same sub-watershed",Table S5
yang2023_157,site_willbob,exact,"Yang et al., 2023","Lane and Mackay, 2001",Willbob,-36.8,149.5,Oceania,Cfb,Temperate seasonal forest,,forest_cover_change,,point,-12.0,,,,%,ET,point,-21.4,,,,%,PWE,% cover change (source study),catchment water balance,0.86,1200,,"possible cross-review match to Zhang et al. 2017 watershed(s) #300 by name - confidence=exact, not manually verified as same sub-watershed",Table S5
yang2023_158,,,"Yang et al., 2023","Gottfried, 1983",Willow Creek,34.5,-111.0,North America,BSk,Woodland/shrubland,,forest_cover_change,,point,-62.0,,,,%,ET,point,-40.5,,,,%,PWE,% cover change (source study),catchment water balance,0.6,749,,,Table S5
yang2023_159,,,"Yang et al., 2023","Hibbert and Gottfried, 1987","Workman Creek, AZ-1",33.8,-110.9,North America,BSk,Woodland/shrubland,,forest_cover_change,,point,-32.0,,,,%,ET,point,-4.3,,,,%,PWE,% cover change (source study),catchment water balance,1.0,833,,,Table S5
yang2023_160,,,"Yang et al., 2023","Hibbert and Gottfried, 1987","Workman Creek, AZ-2",33.8,-110.9,North America,BSk,Woodland/shrubland,,forest_cover_change,,point,-73.0,,,,%,ET,point,-9.0,,,,%,PWE,% cover change (source study),catchment water balance,1.0,833,,,Table S5
yang2023_161,,,"Yang et al., 2023","Hibbert and Gottfried, 1987","Workman Creek, AZ-3",33.8,-110.9,North America,BSk,Woodland/shrubland,,forest_cover_change,,point,-40.0,,,,%,ET,point,-6.0,,,,%,PWE,% cover change (source study),catchment water balance,1.0,833,,,Table S5
yang2023_162,,,"Yang et al., 2023","Hibbert and Gottfried, 1987","Workman Creek, AZ-4",33.8,-110.9,North America,BSk,Woodland/shrubland,,forest_cover_change,,point,-83.0,,,,%,ET,point,-14.3,,,,%,PWE,% cover change (source study),catchment water balance,1.0,833,,,Table S5
yang2023_163,site_ws2_l_r,exact,"Yang et al., 2023","Hornbeck et at., 1993",WS2 L.R.,40.7,-78.0,North America,Dfa,Temperate seasonal forest,,forest_cover_change,,point,-43.0,,,,%,ET,point,-15.6,,,,%,PWE,% cover change (source study),catchment water balance,0.43,1060,,"possible cross-review match to Zhang et al. 2017 watershed(s) #307,308,309 by name - confidence=exact, not manually verified as same sub-watershed",Table S5
yang2023_164,site_ws2_l_r,exact,"Yang et al., 2023","Hornbeck et at., 1993",WS2 L.R.,40.7,-78.0,North America,Dfa,Temperate seasonal forest,,forest_cover_change,,point,-40.0,,,,%,ET,point,-13.4,,,,%,PWE,% cover change (source study),catchment water balance,0.43,1060,,"possible cross-review match to Zhang et al. 2017 watershed(s) #307,308,309 by name - confidence=exact, not manually verified as same sub-watershed",Table S5
yang2023_165,site_ws2_l_r,exact,"Yang et al., 2023","Hornbeck et at., 1993",WS2 L.R.,40.7,-78.0,North America,Dfa,Temperate seasonal forest,,forest_cover_change,,point,-27.0,,,,%,ET,point,-9.8,,,,%,PWE,% cover change (source study),catchment water balance,0.43,1060,,"possible cross-review match to Zhang et al. 2017 watershed(s) #307,308,309 by name - confidence=exact, not manually verified as same sub-watershed",Table S5
yang2023_166,site_ws4_h_b,exact,"Yang et al., 2023","Hornbeck et at., 1993",WS4 H.B.,44.0,-71.8,North America,Dfb,Temperate seasonal forest,,forest_cover_change,,point,-33.0,,,,%,ET,point,-72.9,,,,%,PWE,% cover change (source study),catchment water balance,0.36,1340,,"possible cross-review match to Zhang et al. 2017 watershed(s) #310 by name - confidence=exact, not manually verified as same sub-watershed",Table S5
yang2023_167,site_wuding_river_watershed,exact,"Yang et al., 2023","Li et al., 2007",Wuding River watershed,37.1,110.4,Asia,BSk,Temperate grassland/desert,,forest_cover_change,,point,34.0,,,,%,ET,point,4.0,,,,%,EA,% cover change (source study),catchment water balance,30261.0,391,,"possible cross-review match to Zhang et al. 2017 watershed(s) #56 by name - confidence=exact, not manually verified as same sub-watershed",Table S5
yang2023_168,site_xiangxi_catchment,exact,"Yang et al., 2023","Bieger et al., 2015",Xiangxi catchment,31.2,110.8,Asia,Cfa,Temperate seasonal forest,,forest_cover_change,,point,-10.0,,,,%,ET,point,-0.5,,,,%,HM,% cover change (source study),catchment water balance,3200.0,1000,,"possible cross-review match to Zhang et al. 2017 watershed(s) #57 by name - confidence=exact, not manually verified as same sub-watershed",Table S5
yang2023_169,,,"Yang et al., 2023","Yao et al., 2015",Xinancha,47.0,129.0,Asia,Dwb,Boreal forest,,forest_cover_change,,point,20.0,,,,%,ET,point,7.5,,,,%,SH,% cover change (source study),catchment water balance,2582.0,631,,,Table S5
yang2023_170,site_xinshui,exact,"Yang et al., 2023","Zhang et al., 2008",Xinshui,35.3,111.2,Asia,BSk,Temperate grassland/desert,,forest_cover_change,,point,15.0,,,,%,ET,point,1.6,,,,%,EA,% cover change (source study),catchment water balance,4069.0,524,,"possible cross-review match to Zhang et al. 2017 watershed(s) #60 by name - confidence=exact, not manually verified as same sub-watershed",Table S5
yang2023_171,site_yarra_river,exact,"Yang et al., 2023","Zhou et al., 2015",Yarra River,-37.7,146.0,Oceania,Cfb,Temperate seasonal forest,,forest_cover_change,,point,-45.6,,,,%,ET,point,-2.9,,,,%,PWE,% cover change (source study),catchment water balance,149.0,1497,,"possible cross-review match to Zhang et al. 2017 watershed(s) #311 by name - confidence=exact, not manually verified as same sub-watershed",Table S5
yang2023_172,site_zhujia,exact,"Yang et al., 2023","Zhang et al., 2008",Zhujia,38.8,111.6,Asia,BSk,Temperate grassland/desert,,forest_cover_change,,point,27.0,,,,%,ET,point,0.9,,,,%,EA,% cover change (source study),catchment water balance,2956.0,450,,"possible cross-review match to Zhang et al. 2017 watershed(s) #61 by name - confidence=exact, not manually verified as same sub-watershed",Table S5
zhang2017_001,,,"Zhang et al., 2017","Roche, 1981",Amazon,,,,,,,forest_cover_change,,point,-7,,,,%,runoff,point,2,,,,%,PWE,% cover change (source study),catchment water balance,3702481,2000,large,precip data source type (per Zhang appendix): OB,Appendix A Table A1
zhang2017_002,site_araguaia_river,exact,"Zhang et al., 2017","Coe et al., 2011",Araguaia River,-15.0,-51.0,South America,Aw,Tropical seasonal forest/savanna,,forest_cover_change,,point,-27,,,,%,runoff,point,16.5,,,,%,HM,% cover change (source study),catchment water balance,82632,1730,large,"lat/lon/koppen/whittaker borrowed from Yang et al. 2023 match (catchment #3, Araguaia River) - confidence=exact, not manually verified as identical sub-watershed; precip data source type (per Zhang appendix): SG",Appendix A Table A1
zhang2017_003,,,"Zhang et al., 2017","Zhang and Wei, 2012",Baker Creek,,,,,,,forest_cover_change,,point,-42.2,,,,%,runoff,point,201.2,,,,%,SH,% cover change (source study),catchment water balance,1570,542,large,precip data source type (per Zhang appendix): SG,Appendix A Table A1
zhang2017_004,site_be_river_catchment,exact,"Zhang et al., 2017","Nguyen Khoi and Suetsugi,2014",Be River catchment,11.8,107.0,Asia,Aw,Tropical seasonal forest/savanna,,forest_cover_change,,point,-16.3,,,,%,runoff,point,0.4,,,,%,HM,% cover change (source study),catchment water balance,7500,2400,large,"lat/lon/koppen/whittaker borrowed from Yang et al. 2023 match (catchment #9, Be River catchment) - confidence=exact, not manually verified as identical sub-watershed; precip data source type (per Zhang appendix): SG",Appendix A Table A1
zhang2017_005,,,"Zhang et al., 2017","Wei and Davidson,1998",Bowron River,,,,,,,forest_cover_change,,point,-27,,,,%,runoff,point,0,,,,%,SH,% cover change (source study),catchment water balance,3500,920,large,precip data source type (per Zhang appendix): OB,Appendix A Table A1
zhang2017_006,site_chaohe,exact,"Zhang et al., 2017","Wang et al., 2013",Chaohe,41.0,116.5,Asia,Dwa,Temperate seasonal forest,,forest_cover_change,,point,13.9,,,,%,runoff,point,-21.9,,,,%,"EA, HM",% cover change (source study),catchment water balance,4854,500,large,"lat/lon/koppen/whittaker borrowed from Yang et al. 2023 match (catchment #20, Chaohe) - confidence=exact, not manually verified as identical sub-watershed; precip data source type (per Zhang appendix): OB",Appendix A Table A1
zhang2017_007,site_columbia_river,exact,"Zhang et al., 2017","Matheussen et al., 2000",Columbia River,44.0,-116.0,North America,BSk,Temperate grassland/desert,,forest_cover_change,,point,-21,,,,%,runoff,point,6.5,,,,%,HM,% cover change (source study),catchment water balance,567000,1200,large,"lat/lon/koppen/whittaker borrowed from Yang et al. 2023 match (catchment #23, Columbia River) - confidence=exact, not manually verified as identical sub-watershed; precip data source type (per Zhang appendix): SG",Appendix A Table A1
zhang2017_008,,,"Zhang et al., 2017","Siriwardena et al., 2006",Comet river,,,,,,,forest_cover_change,,point,-44.8,,,,%,runoff,point,40,,,,%,HM,% cover change (source study),catchment water balance,16440,660,large,precip data source type (per Zhang appendix): SG,Appendix A Table A1
zhang2017_009,site_cshc,exact,"Zhang et al., 2017","Zhang et al., 2008",CSHC,37.5,110.5,Asia,BSk,Temperate grassland/desert,,forest_cover_change,,point,30,,,,%,runoff,point,-21.6,,,,%,EA,% cover change (source study),catchment water balance,129654,440.7,large,"lat/lon/koppen/whittaker borrowed from Yang et al. 2023 match (catchment #40, CSHC) - confidence=exact, not manually verified as identical sub-watershed; precip data source type (per Zhang appendix): OB",Appendix A Table A1
zhang2017_010,site_delegate,exact,"Zhang et al., 2017","Tuteja et al. , 2007",Delegate,-37.0,148.9,Oceania,Cfb,Temperate seasonal forest,,forest_cover_change,,point,16,,,,%,runoff,point,-12.2,,,,%,HM,% cover change (source study),catchment water balance,1135.65,859,large,"lat/lon/koppen/whittaker borrowed from Yang et al. 2023 match (catchment #44, Delegate) - confidence=exact, not manually verified as identical sub-watershed; precip data source type (per Zhang appendix): SG",Appendix A Table A1
zhang2017_011,,,"Zhang et al., 2017","Iroumé and Palacios,2013",Duqueco,,,,,,,forest_cover_change,,point,15.9,,,,%,runoff,point,-19.5,,,,%,SH,% cover change (source study),catchment water balance,1545,1687,large,precip data source type (per Zhang appendix): OB,Appendix A Table A1
zhang2017_012,,,"Zhang et al., 2017","Adnan and Atkinson, 2011",Galas,,,,,,,forest_cover_change,,point,-3,,,,%,runoff,point,0,,,,%,SH,% cover change (source study),catchment water balance,13100,2000,large,precip data source type (per Zhang appendix): OB,Appendix A Table A1
zhang2017_013,site_gushan,exact,"Zhang et al., 2017","Zhang et al. , 2008",Gushan,39.0,110.9,Asia,BSk,Temperate grassland/desert,,forest_cover_change,,point,19,,,,%,runoff,point,-29,,,,%,EA,% cover change (source study),catchment water balance,1304,433.1,large,"lat/lon/koppen/whittaker borrowed from Yang et al. 2023 match (catchment #66, Gushan) - confidence=exact, not manually verified as identical sub-watershed; precip data source type (per Zhang appendix): OB",Appendix A Table A1
zhang2017_014,site_hanjiang,exact,"Zhang et al., 2017","Wang et al., 2012",Hanjiang,32.0,110.0,Asia,Cfa,Temperate seasonal forest,,forest_cover_change,,point,17.4,,,,%,runoff,point,-4.4,,,,%,HM,% cover change (source study),catchment water balance,159000,871,large,"lat/lon/koppen/whittaker borrowed from Yang et al. 2023 match (catchment #67, Hanjiang) - confidence=exact, not manually verified as identical sub-watershed; precip data source type (per Zhang appendix): OB",Appendix A Table A1
zhang2017_015,site_huangfu,exact,"Zhang et al., 2017","Zhang et al. , 2008",Huangfu,39.7,111.0,Asia,BSk,Temperate grassland/desert,,forest_cover_change,,point,20,,,,%,runoff,point,-35.8,,,,%,EA,% cover change (source study),catchment water balance,3211,393.6,large,"lat/lon/koppen/whittaker borrowed from Yang et al. 2023 match (catchment #81, Huangfu) - confidence=exact, not manually verified as identical sub-watershed; precip data source type (per Zhang appendix): OB",Appendix A Table A1
zhang2017_016,,,"Zhang et al., 2017","Coe et al., 2009",Japurá River,,,,,,,forest_cover_change,,point,-12,,,,%,runoff,point,0,,,,%,HM,% cover change (source study),catchment water balance,217367,2700,large,precip data source type (per Zhang appendix): SG,Appendix A Table A1
zhang2017_017,site_jialu,exact,"Zhang et al., 2017","Zhang et al., 2008",Jialu,38.0,110.1,Asia,BSk,Temperate grassland/desert,,forest_cover_change,,point,23,,,,%,runoff,point,-33.5,,,,%,EA,% cover change (source study),catchment water balance,1279,407.4,large,"lat/lon/koppen/whittaker borrowed from Yang et al. 2023 match (catchment #86, Jialu) - confidence=exact, not manually verified as identical sub-watershed; precip data source type (per Zhang appendix): OB",Appendix A Table A1
zhang2017_018,site_juruá_river,exact,"Zhang et al., 2017","Lima et al, 2014",Juruá River,-12.0,-68.0,South America,Af,Tropical rain forest,,forest_cover_change,,point,-1,,,,%,runoff,point,0,,,,%,HM,% cover change (source study),catchment water balance,156376,2300,large,"lat/lon/koppen/whittaker borrowed from Yang et al. 2023 match (catchment #88, Juruá River) - confidence=exact, not manually verified as identical sub-watershed; precip data source type (per Zhang appendix): SG",Appendix A Table A1
zhang2017_019,site_kejie_watershed,exact,"Zhang et al., 2017","Ma et al., 2009",Kejie watershed,25.1,99.2,Asia,Cwb,Temperate seasonal forest,,forest_cover_change,,point,22.4,,,,%,runoff,point,-3.7,,,,%,HM,% cover change (source study),catchment water balance,1755,966,large,"lat/lon/koppen/whittaker borrowed from Yang et al. 2023 match (catchment #90, Kejie watershed) - confidence=exact, not manually verified as identical sub-watershed; precip data source type (per Zhang appendix): OB",Appendix A Table A1
zhang2017_020,,,"Zhang et al., 2017","Adnan and Atkinson, 2011",Kelantan,,,,,,,forest_cover_change,,point,6,,,,%,runoff,point,0,,,,%,SH,% cover change (source study),catchment water balance,13100,2000,large,precip data source type (per Zhang appendix): OB,Appendix A Table A1
zhang2017_021,site_kuye,exact,"Zhang et al., 2017","Zhang et al., 2008",Kuye,39.0,110.4,Asia,BSk,Temperate grassland/desert,,forest_cover_change,,point,20,,,,%,runoff,point,-24,,,,%,EA,% cover change (source study),catchment water balance,9289,399.9,large,"lat/lon/koppen/whittaker borrowed from Yang et al. 2023 match (catchment #93, Kuye) - confidence=exact, not manually verified as identical sub-watershed; precip data source type (per Zhang appendix): OB",Appendix A Table A1
zhang2017_022,,,"Zhang et al., 2017","Buttle and Metcalfe, 2000","L1, Canada",,,,,,,forest_cover_change,,point,-25.2,,,,%,runoff,point,0,,,,%,QPW,% cover change (source study),catchment water balance,8940,811,large,precip data source type (per Zhang appendix): OB,Appendix A Table A1
zhang2017_023,,,"Zhang et al., 2017","Buttle and Metcalfe, 2000","L2, Canada",,,,,,,forest_cover_change,,point,-12.4,,,,%,runoff,point,0,,,,%,QPW,% cover change (source study),catchment water balance,6760,807,large,precip data source type (per Zhang appendix): OB,Appendix A Table A1
zhang2017_024,,,"Zhang et al., 2017","Buttle and Metcalfe, 2000","L3, Canada",,,,,,,forest_cover_change,,point,-10.8,,,,%,runoff,point,0,,,,%,QPW,% cover change (source study),catchment water balance,11900,802,large,precip data source type (per Zhang appendix): OB,Appendix A Table A1
zhang2017_025,,,"Zhang et al., 2017","Buttle and Metcalfe, 2000","L4, Canada",,,,,,,forest_cover_change,,point,-8.6,,,,%,runoff,point,0,,,,%,QPW,% cover change (source study),catchment water balance,10000,813,large,precip data source type (per Zhang appendix): OB,Appendix A Table A1
zhang2017_026,,,"Zhang et al., 2017","van Dijk et al., 2007",Lachlan River,,,,,,,forest_cover_change,,point,2.8,,,,%,runoff,point,-2.8,,,,%,HM,% cover change (source study),catchment water balance,8000,767,large,,Appendix A Table A1
zhang2017_027,,,"Zhang et al., 2017","Buttle and Metcalfe, 2000","M1, Canada",,,,,,,forest_cover_change,,point,-18.9,,,,%,runoff,point,0,,,,%,QPW,% cover change (source study),catchment water balance,1140,844,large,precip data source type (per Zhang appendix): OB,Appendix A Table A1
zhang2017_028,,,"Zhang et al., 2017","van Dijk et al., 2007",Macquarie River,,,,,,,forest_cover_change,,point,2.6,,,,%,runoff,point,-2.7,,,,%,HM,% cover change (source study),catchment water balance,1400,764,large,,Appendix A Table A1
zhang2017_029,site_madeira_river,probable,"Zhang et al., 2017","Lima et al, 2014",Madeira River,-14.0,-66.0,South America,Af,Tropical rain forest,,forest_cover_change,,point,-13,,,,%,runoff,point,7,,,,%,HM,% cover change (source study),catchment water balance,906552,2000,large,"lat/lon/koppen/whittaker borrowed from Yang et al. 2023 match (catchment #102, Madeira River) - confidence=probable, not manually verified as identical sub-watershed; precip data source type (per Zhang appendix): SG",Appendix A Table A1
zhang2017_030,site_meijiang-d,exact,"Zhang et al., 2017","Liu et al.,2015",Meijiang-D,26.5,116.0,Asia,Cfa,Temperate seasonal forest,,forest_cover_change,,point,-11,,,,%,runoff,point,13,,,,%,SH,% cover change (source study),catchment water balance,6983,1739,large,"lat/lon/koppen/whittaker borrowed from Yang et al. 2023 match (catchment #107, Meijiang-D) - confidence=exact, not manually verified as identical sub-watershed; precip data source type (per Zhang appendix): MD",Appendix A Table A1
zhang2017_031,site_meijiang-r,exact,"Zhang et al., 2017","Liu et al.,2015",Meijiang-R,26.5,116.0,Asia,Cfa,Temperate seasonal forest,,forest_cover_change,,point,46,,,,%,runoff,point,-6,,,,%,SH,% cover change (source study),catchment water balance,6983,1739,large,"lat/lon/koppen/whittaker borrowed from Yang et al. 2023 match (catchment #108, Meijiang-R) - confidence=exact, not manually verified as identical sub-watershed; precip data source type (per Zhang appendix): MD",Appendix A Table A1
zhang2017_032,,,"Zhang et al., 2017","Ma et al., 2010",Miyun Reservoir catchment,,,,,,,forest_cover_change,,point,16,,,,%,runoff,point,-9.7,,,,%,HM,% cover change (source study),catchment water balance,15800,506.2,large,precip data source type (per Zhang appendix): SG,Appendix A Table A1
zhang2017_033,site_mores_creek,exact,"Zhang et al., 2017","VanShaar et al., 2002",Mores Creek,43.6,-116.0,North America,BSk,Temperate grassland/desert,,forest_cover_change,,point,-12,,,,%,runoff,point,6,,,,%,HM,% cover change (source study),catchment water balance,1033,850,large,"lat/lon/koppen/whittaker borrowed from Yang et al. 2023 match (catchment #109, Mores Creek) - confidence=exact, not manually verified as identical sub-watershed; precip data source type (per Zhang appendix): OB",Appendix A Table A1
zhang2017_034,,,"Zhang et al., 2017","Van Dijk et al., 2007",Murray River,,,,,,,forest_cover_change,,point,1.3,,,,%,runoff,point,-0.9,,,,%,HM,% cover change (source study),catchment water balance,13000,1078,large,,Appendix A Table A1
zhang2017_035,,,"Zhang et al., 2017","Van Dijk et al., 2007",Murrumbidgee,,,,,,,forest_cover_change,,point,2.2,,,,%,runoff,point,-2.2,,,,%,HM,% cover change (source study),catchment water balance,15000,847,large,,Appendix A Table A1
zhang2017_036,,,"Zhang et al., 2017","Wilk et al., 2001",Nam Pong catchment,,,,,,,forest_cover_change,,point,-53,,,,%,runoff,point,0,,,,%,HM,% cover change (source study),catchment water balance,12100,1050,large,precip data source type (per Zhang appendix): OB,Appendix A Table A1
zhang2017_037,,,"Zhang et al., 2017","Coe et al., 2009",Negro River,,,,,,,forest_cover_change,,point,-3,,,,%,runoff,point,0,,,,%,HM,% cover change (source study),catchment water balance,582064,2680,large,precip data source type (per Zhang appendix): SG,Appendix A Table A1
zhang2017_038,,,"Zhang et al., 2017","Cuo et al., 2009",Puget Sound basin,,,,,,,forest_cover_change,,point,-10,,,,%,runoff,point,6.8,,,,%,HM,% cover change (source study),catchment water balance,30000,1800,large,precip data source type (per Zhang appendix): SG,Appendix A Table A1
zhang2017_039,site_purus_river,exact,"Zhang et al., 2017","Lima et al, 2014",Purus River,-12.0,-72.0,South America,Af,Tropical rain forest,,forest_cover_change,,point,-3,,,,%,runoff,point,1,,,,%,HM,% cover change (source study),catchment water balance,333480,2300,large,"lat/lon/koppen/whittaker borrowed from Yang et al. 2023 match (catchment #119, Purus River) - confidence=exact, not manually verified as identical sub-watershed; precip data source type (per Zhang appendix): SG",Appendix A Table A1
zhang2017_040,site_roda_de_ter,exact,"Zhang et al., 2017","Gallart et al., 2011",Roda de Ter,41.5,2.7,Europe,Csb,Woodland/shrubland,,forest_cover_change,,point,5,,,,%,runoff,point,-12,,,,%,HM,% cover change (source study),catchment water balance,1386,938,large,"lat/lon/koppen/whittaker borrowed from Yang et al. 2023 match (catchment #122, Roda de Ter) - confidence=exact, not manually verified as identical sub-watershed; precip data source type (per Zhang appendix): OB",Appendix A Table A1
zhang2017_041,site_sanchuan,exact,"Zhang et al., 2017","Zhang et al., 2008",Sanchuan,37.4,111.4,Asia,BSk,Temperate grassland/desert,,forest_cover_change,,point,33,,,,%,runoff,point,-27,,,,%,EA,% cover change (source study),catchment water balance,4123,462.8,large,"lat/lon/koppen/whittaker borrowed from Yang et al. 2023 match (catchment #126, Sanchuan) - confidence=exact, not manually verified as identical sub-watershed; precip data source type (per Zhang appendix): OB",Appendix A Table A1
zhang2017_042,site_shiwang,exact,"Zhang et al., 2017","Zhang et al., 2008",Shiwang,35.8,110.0,Asia,BSk,Temperate grassland/desert,,forest_cover_change,,point,42,,,,%,runoff,point,-19.1,,,,%,EA,% cover change (source study),catchment water balance,2327,536.6,large,"lat/lon/koppen/whittaker borrowed from Yang et al. 2023 match (catchment #127, Shiwang) - confidence=exact, not manually verified as identical sub-watershed; precip data source type (per Zhang appendix): OB",Appendix A Table A1
zhang2017_043,,,"Zhang et al., 2017","Coe et al., 2009",Solimões #10,,,,,,,forest_cover_change,,point,-6,,,,%,runoff,point,1,,,,%,HM,% cover change (source study),catchment water balance,1858883,2200,large,precip data source type (per Zhang appendix): SG,Appendix A Table A1
zhang2017_044,,,"Zhang et al., 2017","Coe et al., 2009",Solimões #5,,,,,,,forest_cover_change,,point,-8,,,,%,runoff,point,2,,,,%,HM,% cover change (source study),catchment water balance,867257,2200,large,precip data source type (per Zhang appendix): SG,Appendix A Table A1
zhang2017_045,,,"Zhang et al., 2017","Chen et al., 2005",Suomo basin,,,,,,,forest_cover_change,,point,-9.5,,,,%,runoff,point,20.8,,,,%,HM,% cover change (source study),catchment water balance,2536,800,large,precip data source type (per Zhang appendix): OB,Appendix A Table A1
zhang2017_046,,,"Zhang et al., 2017","Buendia et al., 2016a",Talarn,,,,,,,forest_cover_change,,point,12.6,,,,%,runoff,point,-25.7,,,,%,EA,% cover change (source study),catchment water balance,1905,1003,large,precip data source type (per Zhang appendix): SG,Appendix A Table A1
zhang2017_047,,,"Zhang et al., 2017","Coe et al., 2009",Tapajet River,,,,,,,forest_cover_change,,point,-20,,,,%,runoff,point,4,,,,%,HM,% cover change (source study),catchment water balance,285072,2100,large,precip data source type (per Zhang appendix): SG,Appendix A Table A1
zhang2017_048,,,"Zhang et al., 2017","Zhao et al., 2013",The upper reach of the Weihe River,,,,,,,forest_cover_change,,point,16.9,,,,%,runoff,point,-18,,,,%,EA,% cover change (source study),catchment water balance,106500,591.46,large,precip data source type (per Zhang appendix): OB,Appendix A Table A1
zhang2017_049,site_tocantins_river,exact,"Zhang et al., 2017","Costa et al., 2003",Tocantins River,-13.0,-48.0,South America,Aw,Tropical seasonal forest/savanna,,forest_cover_change,,point,-58,,,,%,runoff,point,26,,,,%,SH,% cover change (source study),catchment water balance,189048,2000,large,"lat/lon/koppen/whittaker borrowed from Yang et al. 2023 match (catchment #143, Tocantins River) - confidence=exact, not manually verified as identical sub-watershed; precip data source type (per Zhang appendix): SG",Appendix A Table A1
zhang2017_050,site_upper_tacuarembo,exact,"Zhang et al., 2017","Silveira and Alonso,2009",Upper Tacuarembo,-31.5,-55.7,South America,Cfa,Temperate grassland/desert,,forest_cover_change,,point,26,,,,%,runoff,point,-22,,,,%,SH,% cover change (source study),catchment water balance,2097,1300,large,"lat/lon/koppen/whittaker borrowed from Yang et al. 2023 match (catchment #146, Upper Tacuarembo) - confidence=exact, not manually verified as identical sub-watershed; precip data source type (per Zhang appendix): OB",Appendix A Table A1
zhang2017_051,,,"Zhang et al., 2017","Zhang et al., 2012",Upper Zagunao River,,,,,,,forest_cover_change,,point,-15.5,,,,%,runoff,point,5,,,,%,SH,% cover change (source study),catchment water balance,2528,1072,large,precip data source type (per Zhang appendix): MD,Appendix A Table A1
zhang2017_052,,,"Zhang et al., 2017","Wu et al.,2015",Upstream Heihe river basin,,,,,,,forest_cover_change,,point,12,,,,%,runoff,point,8.6,,,,%,HM,% cover change (source study),catchment water balance,11145,600,large,precip data source type (per Zhang appendix): MD,Appendix A Table A1
zhang2017_053,,,"Zhang et al., 2017","van Dijk et al., 2007",Victoria River,,,,,,,forest_cover_change,,point,0.7,,,,%,runoff,point,-0.7,,,,%,HM,% cover change (source study),catchment water balance,16000,829,large,,Appendix A Table A1
zhang2017_054,site_weifen,exact,"Zhang et al., 2017","Zhang et al., 2008",Weifen,38.1,111.3,Asia,BSk,Temperate grassland/desert,,forest_cover_change,,point,27,,,,%,runoff,point,-19.8,,,,%,EA,% cover change (source study),catchment water balance,1548,491.6,large,"lat/lon/koppen/whittaker borrowed from Yang et al. 2023 match (catchment #152, Weifen) - confidence=exact, not manually verified as identical sub-watershed; precip data source type (per Zhang appendix): OB",Appendix A Table A1
zhang2017_055,,,"Zhang et al., 2017","Wei and Zhang, 2010",Willow River,,,,,,,forest_cover_change,,point,-31.9,,,,%,runoff,point,9.8,,,,%,SH,% cover change (source study),catchment water balance,2860,820,large,precip data source type (per Zhang appendix): OB,Appendix A Table A1
zhang2017_056,site_wuding_river_watershed,exact,"Zhang et al., 2017","Li et al. , 2007",Wuding River watershed,37.1,110.4,Asia,BSk,Temperate grassland/desert,,forest_cover_change,,point,34,,,,%,runoff,point,-26.5,,,,%,EA,% cover change (source study),catchment water balance,30261,391,large,"lat/lon/koppen/whittaker borrowed from Yang et al. 2023 match (catchment #167, Wuding River watershed) - confidence=exact, not manually verified as identical sub-watershed; precip data source type (per Zhang appendix): OB",Appendix A Table A1
zhang2017_057,site_xiangxi_catchment,exact,"Zhang et al., 2017","Bieger et al., 2015",Xiangxi catchment,31.2,110.8,Asia,Cfa,Temperate seasonal forest,,forest_cover_change,,point,3.6,,,,%,runoff,point,-0.7,,,,%,HM,% cover change (source study),catchment water balance,3200,1000,large,"lat/lon/koppen/whittaker borrowed from Yang et al. 2023 match (catchment #168, Xiangxi catchment) - confidence=exact, not manually verified as identical sub-watershed",Appendix A Table A1
zhang2017_058,,,"Zhang et al., 2017","Yao et al.,2015",Xinancha watershed,,,,,,,forest_cover_change,,point,20,,,,%,runoff,point,-22,,,,%,SH,% cover change (source study),catchment water balance,2582,631,large,precip data source type (per Zhang appendix): OB,Appendix A Table A1
zhang2017_059,,,"Zhang et al., 2017","Coe et al., 2009",Xingu River,,,,,,,forest_cover_change,,point,-12,,,,%,runoff,point,5,,,,%,HM,% cover change (source study),catchment water balance,377175,2100,large,precip data source type (per Zhang appendix): SG,Appendix A Table A1
zhang2017_060,site_xinshui,exact,"Zhang et al., 2017","Zhang et al., 2008",Xinshui,35.3,111.2,Asia,BSk,Temperate grassland/desert,,forest_cover_change,,point,15,,,,%,runoff,point,-22.5,,,,%,EA,% cover change (source study),catchment water balance,4069,524.3,large,"lat/lon/koppen/whittaker borrowed from Yang et al. 2023 match (catchment #170, Xinshui) - confidence=exact, not manually verified as identical sub-watershed; precip data source type (per Zhang appendix): OB",Appendix A Table A1
zhang2017_061,site_zhujia,exact,"Zhang et al., 2017","Zhang et al., 2008",Zhujia,38.8,111.6,Asia,BSk,Temperate grassland/desert,,forest_cover_change,,point,27,,,,%,runoff,point,-38.6,,,,%,EA,% cover change (source study),catchment water balance,2956,450.4,large,"lat/lon/koppen/whittaker borrowed from Yang et al. 2023 match (catchment #172, Zhujia) - confidence=exact, not manually verified as identical sub-watershed; precip data source type (per Zhang appendix): OB",Appendix A Table A1
zhang2017_062,,,"Zhang et al., 2017","Harris , 1973","Alsea, Oreg , U.S.A,Deer Creek",,,,,,,forest_cover_change,,point,-25,,,,%,runoff,point,7.9,,,,%,PWE,% cover change (source study),catchment water balance,3.03,2474,small,precip data source type (per Zhang appendix): OB,Appendix A Table A1
zhang2017_063,,,"Zhang et al., 2017","Harris , 1977","Alsea, Oreg , U.S.A,Needle Branch",,,,,,,forest_cover_change,,point,-82,,,,%,runoff,point,32.6,,,,%,PWE,% cover change (source study),catchment water balance,0.71,2483,small,precip data source type (per Zhang appendix): OB,Appendix A Table A1
zhang2017_064,,,"Zhang et al., 2017","Bosch and Hewlett, 1982","Alum Creek, Ark., USA, WS2",,,,,,,forest_cover_change,,point,-45,,,,%,runoff,point,69.9,,,,%,PWE,% cover change (source study),catchment water balance,0.01,1333,small,precip data source type (per Zhang appendix): OB,Appendix A Table A1
zhang2017_065,,,"Zhang et al., 2017","Bosch and Hewlett, 1982","Alum Creek, Ark., USA, WS3",,,,,,,forest_cover_change,,point,-100,,,,%,runoff,point,147.7,,,,%,PWE,% cover change (source study),catchment water balance,0.01,1333,small,precip data source type (per Zhang appendix): OB,Appendix A Table A1
zhang2017_066,,,"Zhang et al., 2017","Haileyesus et al.,2011",Anger Gutin settlement,,,,,,,forest_cover_change,,point,-41,,,,%,runoff,point,9,,,,%,HM,% cover change (source study),catchment water balance,109.5,1305,small,precip data source type (per Zhang appendix): OB,Appendix A Table A1
zhang2017_067,,,"Zhang et al., 2017","Ruprecht and Schofield,1991",April Rd.,,,,,,,forest_cover_change,,point,100,,,,%,runoff,point,167.7,,,,%,PWE,% cover change (source study),catchment water balance,2.48,1070,small,precip data source type (per Zhang appendix): OB,Appendix A Table A1
zhang2017_068,site_b_berem_1,exact,"Zhang et al., 2017","Bruijnzeel,1990",B. Berem 1,4.3,101.4,Asia,Af,Tropical rain forest,,forest_cover_change,,point,-40,,,,%,runoff,point,70.2,,,,%,PWE,% cover change (source study),catchment water balance,0.133,1900,small,"lat/lon/koppen/whittaker borrowed from Yang et al. 2023 match (catchment #4, B. Berem 1) - confidence=exact, not manually verified as identical sub-watershed; precip data source type (per Zhang appendix): OB",Appendix A Table A1
zhang2017_069,site_b_berem_2,exact,"Zhang et al., 2017","Bruijnzeel,1990",B. Berem. 2,4.3,101.4,Asia,Af,Tropical rain forest,,forest_cover_change,,point,-33,,,,%,runoff,point,37,,,,%,PWE,% cover change (source study),catchment water balance,0.308,1900,small,"lat/lon/koppen/whittaker borrowed from Yang et al. 2023 match (catchment #5, B. Berem 2) - confidence=exact, not manually verified as identical sub-watershed; precip data source type (per Zhang appendix): OB",Appendix A Table A1
zhang2017_070,site_b_kirkton,exact,"Zhang et al., 2017","Blackie,1993",B. Kirkton,55.1,-3.6,Europe,Cfb,Temperate seasonal forest,,forest_cover_change,,point,-20,,,,%,runoff,point,10,,,,%,PWE,% cover change (source study),catchment water balance,6.85,2354,small,"lat/lon/koppen/whittaker borrowed from Yang et al. 2023 match (catchment #6, B. Kirkton) - confidence=exact, not manually verified as identical sub-watershed; precip data source type (per Zhang appendix): OB",Appendix A Table A1
zhang2017_071,site_b_monac,exact,"Zhang et al., 2017","Blackie,1993",B. Monac.,56.4,-4.4,Europe,Cfb,Temperate seasonal forest,,forest_cover_change,,point,14,,,,%,runoff,point,-2,,,,%,PWE,% cover change (source study),catchment water balance,7.7,2770,small,"lat/lon/koppen/whittaker borrowed from Yang et al. 2023 match (catchment #7, B. Monac) - confidence=exact, not manually verified as identical sub-watershed; precip data source type (per Zhang appendix): OB",Appendix A Table A1
zhang2017_072,,,"Zhang et al., 2017","Cornish and Vertessy, 2001",Barratta,,,,,,,forest_cover_change,,point,25,,,,%,runoff,point,10.8,,,,%,PWE,% cover change (source study),catchment water balance,0.364,1705,small,precip data source type (per Zhang appendix): OB,Appendix A Table A1
zhang2017_073,site_bauta,exact,"Zhang et al., 2017","Beck et al.,2013",Bauta,18.2,-66.5,North America,Af,Tropical rain forest,,forest_cover_change,,point,10.2,,,,%,runoff,point,-14.7,,,,%,HM,% cover change (source study),catchment water balance,43.5,2038,small,"lat/lon/koppen/whittaker borrowed from Yang et al. 2023 match (catchment #8, Bauta) - confidence=exact, not manually verified as identical sub-watershed; precip data source type (per Zhang appendix): MD",Appendix A Table A1
zhang2017_074,,,"Zhang et al., 2017","Brown,1971","Beaver Creek, AZ #1",,,,,,,forest_cover_change,,point,-100,,,,%,runoff,point,0,,,,%,PWE,% cover change (source study),catchment water balance,1.24,457,small,precip data source type (per Zhang appendix): OB,Appendix A Table A1
zhang2017_075,,,"Zhang et al., 2017","Hibbert, 1979","Beaver Creek, AZ #3-1",,,,,,,forest_cover_change,,point,-83,,,,%,runoff,point,166.7,,,,%,PWE,% cover change (source study),catchment water balance,1.46,451,small,precip data source type (per Zhang appendix): OB,Appendix A Table A1
zhang2017_076,,,"Zhang et al., 2017","Baker,1984 and 1986","Beaver Creek, AZ #3-2",,,,,,,forest_cover_change,,point,-78,,,,%,runoff,point,599.1,,,,%,PWE,% cover change (source study),catchment water balance,1.47,426,small,precip data source type (per Zhang appendix): OB,Appendix A Table A1
zhang2017_077,,,"Zhang et al., 2017","Bosch and Hewlett ,1982",Biesievlei,,,,,,,forest_cover_change,,point,98,,,,%,runoff,point,-47.4,,,,%,PWE,% cover change (source study),catchment water balance,0.27,1400,small,precip data source type (per Zhang appendix): OB,Appendix A Table A1
zhang2017_078,,,"Zhang et al., 2017",O’Shaughnessy et al. (1979); Watson et al. (2001),Black spur 1,,,,,,,forest_cover_change,,point,60,,,,%,runoff,point,26,,,,%,PWE,% cover change (source study),catchment water balance,0.17,1652,small,precip data source type (per Zhang appendix): OB,Appendix A Table A1
zhang2017_079,,,"Zhang et al., 2017",O’Shaughnessy et al. (1979); Watson et al. (2001),Black spur 2,,,,,,,forest_cover_change,,point,60,,,,%,runoff,point,28,,,,%,PWE,% cover change (source study),catchment water balance,0.77,1612,small,precip data source type (per Zhang appendix): OB,Appendix A Table A1
zhang2017_080,,,"Zhang et al., 2017","Fowler et al. ,1987",Blue Mts. OR #1,,,,,,,forest_cover_change,,point,-30,,,,%,runoff,point,0,,,,%,PWE,% cover change (source study),catchment water balance,0.14,1355,small,precip data source type (per Zhang appendix): OB,Appendix A Table A1
zhang2017_081,,,"Zhang et al., 2017","Fowler et al. ,1987",Blue Mts. OR #2,,,,,,,forest_cover_change,,point,-50,,,,%,runoff,point,0,,,,%,PWE,% cover change (source study),catchment water balance,0.14,1355,small,precip data source type (per Zhang appendix): OB,Appendix A Table A1
zhang2017_082,,,"Zhang et al., 2017","Fowler et al. ,1987",Blue Mts. OR #3,,,,,,,forest_cover_change,,point,-100,,,,%,runoff,point,0,,,,%,PWE,% cover change (source study),catchment water balance,0.14,1355,small,precip data source type (per Zhang appendix): OB,Appendix A Table A1
zhang2017_083,,,"Zhang et al., 2017","Cornish and Vertessy, 2001",Bollygum,,,,,,,forest_cover_change,,point,32,,,,%,runoff,point,48.3,,,,%,PWE,% cover change (source study),catchment water balance,0.151,1617,small,precip data source type (per Zhang appendix): OB,Appendix A Table A1
zhang2017_084,,,"Zhang et al., 2017","Devito et al., 2005","Boreal Plain, Alberta",,,,,,,forest_cover_change,,point,-51,,,,%,runoff,point,0,,,,%,PWE,% cover change (source study),catchment water balance,0.524,486,small,precip data source type (per Zhang appendix): OB,Appendix A Table A1
zhang2017_085,,,"Zhang et al., 2017","Scott,1993",Bosbouk.,,,,,,,forest_cover_change,,point,80,,,,%,runoff,point,23.6,,,,%,PWE,% cover change (source study),catchment water balance,2.009,1296,small,precip data source type (per Zhang appendix): OB,Appendix A Table A1
zhang2017_086,site_c_fm-n,exact,"Zhang et al., 2017","Robinson et al. ,1991",C. FM-N,48.1,11.5,Europe,Cfb,Temperate seasonal forest,,forest_cover_change,,point,100,,,,%,runoff,point,-49.5,,,,%,PWE,% cover change (source study),catchment water balance,0.03,1410,small,"lat/lon/koppen/whittaker borrowed from Yang et al. 2023 match (catchment #16, C. FM-N) - confidence=exact, not manually verified as identical sub-watershed; precip data source type (per Zhang appendix): OB",Appendix A Table A1
zhang2017_087,site_c_fm-s,exact,"Zhang et al., 2017","Robinson et al., 1991",C. FM-S,48.1,11.5,Europe,Cfb,Temperate seasonal forest,,forest_cover_change,,point,100,,,,%,runoff,point,-65.1,,,,%,PWE,% cover change (source study),catchment water balance,0.03,1410,small,"lat/lon/koppen/whittaker borrowed from Yang et al. 2023 match (catchment #17, C. FM-S) - confidence=exact, not manually verified as identical sub-watershed; precip data source type (per Zhang appendix): OB",Appendix A Table A1
zhang2017_088,,,"Zhang et al., 2017","Cheng, 1989",Camp Creek,,,,,,,forest_cover_change,,point,-30,,,,%,runoff,point,21,,,,%,PWE,% cover change (source study),catchment water balance,33.9,600,small,precip data source type (per Zhang appendix): OB,Appendix A Table A1
zhang2017_089,,,"Zhang et al., 2017","Beck et al.,2013",Canovanas ´,,,,,,,forest_cover_change,,point,26.9,,,,%,runoff,point,-12.8,,,,%,HM,% cover change (source study),catchment water balance,26.5,3422,small,precip data source type (per Zhang appendix): MD,Appendix A Table A1
zhang2017_090,,,"Zhang et al., 2017","Bart and Hope,2010",Cantua,,,,,,,forest_cover_change,,point,-23,,,,%,runoff,point,0,,,,%,PWE,% cover change (source study),catchment water balance,119,442,small,precip data source type (per Zhang appendix): OB,Appendix A Table A1
zhang2017_091,,,"Zhang et al., 2017","Iroumé and Palacios,2013",Caramávida,,,,,,,forest_cover_change,,point,18.7,,,,%,runoff,point,-6.9,,,,%,SH,% cover change (source study),catchment water balance,94,1532,small,precip data source type (per Zhang appendix): OB,Appendix A Table A1
zhang2017_092,,,"Zhang et al., 2017","Rich and Thompson,1974","Castle Creek, Ariz U S.A West Fork",,,,,,,forest_cover_change,,point,-16.6,,,,%,runoff,point,50.7,,,,%,PWE,% cover change (source study),catchment water balance,3.64,639,small,precip data source type (per Zhang appendix): OB,Appendix A Table A1
zhang2017_093,,,"Zhang et al., 2017","Nänni,1970","Cathedral ,Peak. South Africa CII",,,,,,,forest_cover_change,,point,74,,,,%,runoff,point,-39.5,,,,%,PWE,% cover change (source study),catchment water balance,1.9,1400,small,precip data source type (per Zhang appendix): OB,Appendix A Table A1
zhang2017_094,,,"Zhang et al., 2017","Bosch,1979","Cathedral ,Peak. South Africa CIII",,,,,,,forest_cover_change,,point,84,,,,%,runoff,point,-2,,,,%,PWE,% cover change (source study),catchment water balance,1.42,1400,small,precip data source type (per Zhang appendix): OB,Appendix A Table A1
zhang2017_095,,,"Zhang et al., 2017","Schneider and Ayer, 1961","Central New York, U.S.A.: Sage Brook",,,,,,,forest_cover_change,,point,47,,,,%,runoff,point,19.8,,,,%,PWE,% cover change (source study),catchment water balance,1.81,974,small,precip data source type (per Zhang appendix): OB,Appendix A Table A1
zhang2017_096,,,"Zhang et al., 2017","Johnston ,1984",Chicken Cr. UT,,,,,,,forest_cover_change,,point,-100,,,,%,runoff,point,24.5,,,,%,PWE,% cover change (source study),catchment water balance,0.06,1900,small,precip data source type (per Zhang appendix): OB,Appendix A Table A1
zhang2017_097,,,"Zhang et al., 2017","Beck et al.,2013",Cibuco,,,,,,,forest_cover_change,,point,31.4,,,,%,runoff,point,11.1,,,,%,HM,% cover change (source study),catchment water balance,39.8,1827,small,precip data source type (per Zhang appendix): MD,Appendix A Table A1
zhang2017_098,,,"Zhang et al., 2017","Webb, 2009",CNBL05,,,,,,,forest_cover_change,,point,-43.2,,,,%,runoff,point,35.3,,,,%,PWE,% cover change (source study),catchment water balance,0.553,500,small,precip data source type (per Zhang appendix): OB,Appendix A Table A1
zhang2017_099,,,"Zhang et al., 2017","Webb et al., 2007",CNBL07,,,,,,,forest_cover_change,,point,-40.3,,,,%,runoff,point,82.7,,,,%,PWE,% cover change (source study),catchment water balance,0.554,500,small,precip data source type (per Zhang appendix): OB,Appendix A Table A1
zhang2017_100,,,"Zhang et al., 2017","Cornish,1993",Coachwood,,,,,,,forest_cover_change,,point,61,,,,%,runoff,point,33.1,,,,%,PWE,% cover change (source study),catchment water balance,0.375,1549,small,precip data source type (per Zhang appendix): OB,Appendix A Table A1
zhang2017_101,,,"Zhang et al., 2017","Robinson ,1993",Coalburn,,,,,,,forest_cover_change,,point,90,,,,%,runoff,point,20.3,,,,%,PWE,% cover change (source study),catchment water balance,1.5,1266,small,precip data source type (per Zhang appendix): OB,Appendix A Table A1
zhang2017_102,site_cold_spring_brook,exact,"Zhang et al., 2017","Bosch and Hewlett ,1982",Cold Spring Brook,43.0,-76.6,North America,Dfb,Temperate seasonal forest,,forest_cover_change,,point,35,,,,%,runoff,point,27.9,,,,%,PWE,% cover change (source study),catchment water balance,3.91,1030,small,"lat/lon/koppen/whittaker borrowed from Yang et al. 2023 match (catchment #22, Cold Spring Brook) - confidence=exact, not manually verified as identical sub-watershed; precip data source type (per Zhang appendix): OB",Appendix A Table A1
zhang2017_103,,,"Zhang et al., 2017","Cornish and Vertessy, 2001",Corkwood,,,,,,,forest_cover_change,,point,40,,,,%,runoff,point,38.6,,,,%,PWE,% cover change (source study),catchment water balance,0.411,1758,small,precip data source type (per Zhang appendix): OB,Appendix A Table A1
zhang2017_104,,,"Zhang et al., 2017","Harrold et al.,1962","Coshocton, Ohio, U.S.A.: 172",,,,,,,forest_cover_change,,point,70,,,,%,runoff,point,45,,,,%,PWE,% cover change (source study),catchment water balance,0.18,970,small,precip data source type (per Zhang appendix): OB,Appendix A Table A1
zhang2017_105,,,"Zhang et al., 2017","Brantley et al.,2015",Coweeta Basin,,,,,,,forest_cover_change,,point,-6,,,,%,runoff,point,0,,,,%,PWE,% cover change (source study),catchment water balance,21.85,1795,small,precip data source type (per Zhang appendix): OB,Appendix A Table A1
zhang2017_106,,,"Zhang et al., 2017","Swank and Miner ,1968","Coweeta, N.C,U.S.A,#1",,,,,,,forest_cover_change,,point,-100,,,,%,runoff,point,20.3,,,,%,PWE,% cover change (source study),catchment water balance,0.16,1725,small,precip data source type (per Zhang appendix): OB,Appendix A Table A1
zhang2017_107,,,"Zhang et al., 2017","Johnson and Kovner,1956","Coweeta, N.C,U.S.A,#10",,,,,,,forest_cover_change,,point,-30,,,,%,runoff,point,2.3,,,,%,PWE,% cover change (source study),catchment water balance,0.86,1854,small,precip data source type (per Zhang appendix): OB,Appendix A Table A1
zhang2017_108,,,"Zhang et al., 2017","Swift and Swan, 1980","Coweeta, N.C,U.S.A,#13",,,,,,,forest_cover_change,,point,-100,,,,%,runoff,point,40.7,,,,%,PWE,% cover change (source study),catchment water balance,0.16,1900,small,precip data source type (per Zhang appendix): OB,Appendix A Table A1
zhang2017_109,,,"Zhang et al., 2017","Swank and Miner , 1966","Coweeta, N.C,U.S.A,#17",,,,,,,forest_cover_change,,point,-100,,,,%,runoff,point,53.4,,,,%,PWE,% cover change (source study),catchment water balance,0.14,1895,small,precip data source type (per Zhang appendix): OB,Appendix A Table A1
zhang2017_110,,,"Zhang et al., 2017","Johnson and Kovner, 1956","Coweeta, N.C,U.S.A,#19",,,,,,,forest_cover_change,,point,-22,,,,%,runoff,point,5.8,,,,%,PWE,% cover change (source study),catchment water balance,0.28,2001,small,precip data source type (per Zhang appendix): OB,Appendix A Table A1
zhang2017_111,,,"Zhang et al., 2017","Hewlett and Hibbert,1961","Coweeta, N.C,U.S.A,#22",,,,,,,forest_cover_change,,point,-50,,,,%,runoff,point,14.8,,,,%,PWE,% cover change (source study),catchment water balance,0.34,2068,small,precip data source type (per Zhang appendix): OB,Appendix A Table A1
zhang2017_112,,,"Zhang et al., 2017","Hewlett and Douglass, 1968; Douglass and Swank, 1976","Coweeta, N.C,U.S.A,#28",,,,,,,forest_cover_change,,point,-65,,,,%,runoff,point,14.4,,,,%,PWE,% cover change (source study),catchment water balance,1.44,2270,small,precip data source type (per Zhang appendix): OB,Appendix A Table A1
zhang2017_113,,,"Zhang et al., 2017","Swank and Douglass, 1974","Coweeta, N.C,U.S.A,#3",,,,,,,forest_cover_change,,point,-100,,,,%,runoff,point,20.9,,,,%,PWE,% cover change (source study),catchment water balance,0.09,1814,small,precip data source type (per Zhang appendix): OB,Appendix A Table A1
zhang2017_114,,,"Zhang et al., 2017","Swank and Helvey, 1970; Swift and Swank, 1980","Coweeta, N.C,U.S.A,#37",,,,,,,forest_cover_change,,point,-100,,,,%,runoff,point,16.1,,,,%,PWE,% cover change (source study),catchment water balance,0.44,2244,small,precip data source type (per Zhang appendix): OB,Appendix A Table A1
zhang2017_115,,,"Zhang et al., 2017","Johnson and Kovner, 1956","Coweeta, N.C,U.S.A,#40",,,,,,,forest_cover_change,,point,-27,,,,%,runoff,point,0,,,,%,PWE,% cover change (source study),catchment water balance,0.2,1946,small,precip data source type (per Zhang appendix): OB,Appendix A Table A1
zhang2017_116,,,"Zhang et al., 2017","Johnson and Kovner, 1956","Coweeta, N.C,U.S.A,#41",,,,,,,forest_cover_change,,point,-53,,,,%,runoff,point,4.3,,,,%,PWE,% cover change (source study),catchment water balance,0.29,2029,small,precip data source type (per Zhang appendix): OB,Appendix A Table A1
zhang2017_117,,,"Zhang et al., 2017","Bosch and Hewlett,1982","Coweeta, N.C,U.S.A,#6",,,,,,,forest_cover_change,,point,-80,,,,%,runoff,point,32.1,,,,%,PWE,% cover change (source study),catchment water balance,0.09,1854,small,precip data source type (per Zhang appendix): OB,Appendix A Table A1
zhang2017_118,,,"Zhang et al., 2017","Swank et al. , 1988","Coweeta, NC #7",,,,,,,forest_cover_change,,point,-100,,,,%,runoff,point,22.8,,,,%,PWE,% cover change (source study),catchment water balance,0.59,1825,small,precip data source type (per Zhang appendix): OB,Appendix A Table A1
zhang2017_119,,,"Zhang et al., 2017","Harr , 1976","Coyote Creek, U S.A,#1",,,,,,,forest_cover_change,,point,-50,,,,%,runoff,point,9.6,,,,%,PWE,% cover change (source study),catchment water balance,0.69,1230,small,precip data source type (per Zhang appendix): OB,Appendix A Table A1
zhang2017_120,,,"Zhang et al., 2017","Miller et al. ,1988","Coyote Creek, U S.A,#2",,,,,,,forest_cover_change,,point,-30,,,,%,runoff,point,19,,,,%,PWE,% cover change (source study),catchment water balance,0.68,1230,small,precip data source type (per Zhang appendix): OB,Appendix A Table A1
zhang2017_121,,,"Zhang et al., 2017","Miller et al. ,1988","Coyote Creek, U S.A,#3",,,,,,,forest_cover_change,,point,-100,,,,%,runoff,point,57.4,,,,%,PWE,% cover change (source study),catchment water balance,0.5,1230,small,precip data source type (per Zhang appendix): OB,Appendix A Table A1
zhang2017_122,,,"Zhang et al., 2017","Hawthorne et al.,2013",Crotty Creek,,,,,,,forest_cover_change,,point,-50,,,,%,runoff,point,36,,,,%,PWE,% cover change (source study),catchment water balance,1.221,1580,small,precip data source type (per Zhang appendix): OB,Appendix A Table A1
zhang2017_123,,,"Zhang et al., 2017","Beck et al.,2013",Culebrinas,,,,,,,forest_cover_change,,point,29.5,,,,%,runoff,point,9.5,,,,%,HM,% cover change (source study),catchment water balance,177.1,2178,small,precip data source type (per Zhang appendix): MD,Appendix A Table A1
zhang2017_124,,,"Zhang et al., 2017","Amatya and Skaggs, 2008",D3,,,,,,,forest_cover_change,,point,-50,,,,%,runoff,point,250,,,,%,PWE,% cover change (source study),catchment water balance,0.25,2100,small,precip data source type (per Zhang appendix): OB,Appendix A Table A1
zhang2017_125,,,"Zhang et al., 2017","Sun et al.,2008",Dakeng,,,,,,,forest_cover_change,,point,-19,,,,%,runoff,point,-22,,,,%,SH,% cover change (source study),catchment water balance,10,1530,small,precip data source type (per Zhang appendix): OB,Appendix A Table A1
zhang2017_126,,,"Zhang et al., 2017","Troendle and King, 1987",Deadhorse Cr. CO,,,,,,,forest_cover_change,,point,-36,,,,%,runoff,point,12,,,,%,PWE,% cover change (source study),catchment water balance,2.7,762,small,precip data source type (per Zhang appendix): OB,Appendix A Table A1
zhang2017_127,,,"Zhang et al., 2017","Miller et al.,1988","Deer Creek, OR",,,,,,,forest_cover_change,,point,-25,,,,%,runoff,point,7.9,,,,%,PWE,% cover change (source study),catchment water balance,3.03,2480,small,precip data source type (per Zhang appendix): OB,Appendix A Table A1
zhang2017_128,site_dehra_dun,exact,"Zhang et al., 2017","Bruijnzeel,1990",Dehra Dun,30.3,78.0,Asia,Cwa,Temperate seasonal forest,,forest_cover_change,,point,100,,,,%,runoff,point,-27.8,,,,%,PWE,% cover change (source study),catchment water balance,0.015,1430,small,"lat/lon/koppen/whittaker borrowed from Yang et al. 2023 match (catchment #43, Dehra Dun) - confidence=exact, not manually verified as identical sub-watershed; precip data source type (per Zhang appendix): OB",Appendix A Table A1
zhang2017_129,,,"Zhang et al., 2017","Bent, 2001",Dickey Brook Basin (DBB),,,,,,,forest_cover_change,,point,-24,,,,%,runoff,point,14.4,,,,%,PWE,% cover change (source study),catchment water balance,3.08,1248,small,precip data source type (per Zhang appendix): OB,Appendix A Table A1
zhang2017_130,,,"Zhang et al., 2017","Buendia et al.,2016a",Escaló,,,,,,,forest_cover_change,,point,5.6,,,,%,runoff,point,-6.3,,,,%,EA,% cover change (source study),catchment water balance,438,1123,small,precip data source type (per Zhang appendix): SG,Appendix A Table A1
zhang2017_131,site_dons,exact,"Zhang et al., 2017","Bent, 2001",Dons,-37.3,144.6,Oceania,Csb,Woodland/shrubland,,forest_cover_change,,point,-38,,,,%,runoff,point,13,,,,%,PWE,% cover change (source study),catchment water balance,2.7,720,small,"lat/lon/koppen/whittaker borrowed from Yang et al. 2023 match (catchment #46, Dons) - confidence=exact, not manually verified as identical sub-watershed; precip data source type (per Zhang appendix): OB",Appendix A Table A1
zhang2017_132,site_fajardo,exact,"Zhang et al., 2017","Beck et al.,2013",Fajardo,18.3,-65.7,North America,Af,Tropical rain forest,,forest_cover_change,,point,19.6,,,,%,runoff,point,-6,,,,%,HM,% cover change (source study),catchment water balance,39.3,2875,small,"lat/lon/koppen/whittaker borrowed from Yang et al. 2023 match (catchment #47, Fajardo) - confidence=exact, not manually verified as identical sub-watershed; precip data source type (per Zhang appendix): MD",Appendix A Table A1
zhang2017_133,,,"Zhang et al., 2017","Reinhart et al. , 1963; Kochenderfer et al.,1983 and 1990","Femow, WV #1",,,,,,,forest_cover_change,,point,-85,,,,%,runoff,point,22.4,,,,%,PWE,% cover change (source study),catchment water balance,0.3,1520,small,precip data source type (per Zhang appendix): OB,Appendix A Table A1
zhang2017_134,,,"Zhang et al., 2017","Patric,1980 ; Kochenderfer et al.,1983,1990","Femow, WV #2",,,,,,,forest_cover_change,,point,-36,,,,%,runoff,point,9.7,,,,%,PWE,% cover change (source study),catchment water balance,0.15,1500,small,precip data source type (per Zhang appendix): OB,Appendix A Table A1
zhang2017_135,,,"Zhang et al., 2017","Reinhart et al., 1963","Femow, WV #3-1",,,,,,,forest_cover_change,,point,-13,,,,%,runoff,point,1.3,,,,%,PWE,% cover change (source study),catchment water balance,0.34,1500,small,precip data source type (per Zhang appendix): OB,Appendix A Table A1
zhang2017_136,,,"Zhang et al., 2017","Reinhart et al., 1963","Femow, WV #3-2",,,,,,,forest_cover_change,,point,-8,,,,%,runoff,point,0,,,,%,PWE,% cover change (source study),catchment water balance,0.34,1500,small,precip data source type (per Zhang appendix): OB,Appendix A Table A1
zhang2017_137,,,"Zhang et al., 2017","Patric,1971, 1980","Femow, WV #3-3",,,,,,,forest_cover_change,,point,-91,,,,%,runoff,point,41.5,,,,%,PWE,% cover change (source study),catchment water balance,0.34,1500,small,precip data source type (per Zhang appendix): OB,Appendix A Table A1
zhang2017_138,,,"Zhang et al., 2017","Reinhart et al., 1963","Femow, WV #3-4",,,,,,,forest_cover_change,,point,-6,,,,%,runoff,point,0,,,,%,PWE,% cover change (source study),catchment water balance,0.34,1500,small,precip data source type (per Zhang appendix): OB,Appendix A Table A1
zhang2017_139,,,"Zhang et al., 2017","Patric and Reinhart ,1971","Femow, WV #4",,,,,,,forest_cover_change,,point,0,,,,%,runoff,point,0,,,,%,PWE,% cover change (source study),catchment water balance,0.39,1500,small,precip data source type (per Zhang appendix): OB,Appendix A Table A1
zhang2017_140,,,"Zhang et al., 2017","Reinhart et al., 1963","Femow, WV #5-1",,,,,,,forest_cover_change,,point,-14,,,,%,runoff,point,0,,,,%,PWE,% cover change (source study),catchment water balance,0.36,1470,small,precip data source type (per Zhang appendix): OB,Appendix A Table A1
zhang2017_141,,,"Zhang et al., 2017","Reinhart et al., 1963","Femow, WV #5-2",,,,,,,forest_cover_change,,point,-20,,,,%,runoff,point,4.7,,,,%,PWE,% cover change (source study),catchment water balance,0.36,1470,small,precip data source type (per Zhang appendix): OB,Appendix A Table A1
zhang2017_142,,,"Zhang et al., 2017","Kochenderfer et al.,1983","Femow, WV #6",,,,,,,forest_cover_change,,point,-50,,,,%,runoff,point,54.9,,,,%,PWE,% cover change (source study),catchment water balance,0.22,1440,small,precip data source type (per Zhang appendix): OB,Appendix A Table A1
zhang2017_143,,,"Zhang et al., 2017","Kochenderfer et al.,1983","Femow, WV #7",,,,,,,forest_cover_change,,point,-50,,,,%,runoff,point,19.6,,,,%,PWE,% cover change (source study),catchment water balance,0.24,1470,small,precip data source type (per Zhang appendix): OB,Appendix A Table A1
zhang2017_144,,,"Zhang et al., 2017","Patric,1980","Fernotc It Va, USA,#1",,,,,,,forest_cover_change,,point,-85,,,,%,runoff,point,22.3,,,,%,PWE,% cover change (source study),catchment water balance,0.3,1524,small,precip data source type (per Zhang appendix): OB,Appendix A Table A1
zhang2017_145,,,"Zhang et al., 2017","Reinhart,1971","Fernotc It Va, USA,#2",,,,,,,forest_cover_change,,point,-36,,,,%,runoff,point,9.7,,,,%,PWE,% cover change (source study),catchment water balance,0.15,1500,small,precip data source type (per Zhang appendix): OB,Appendix A Table A1
zhang2017_146,,,"Zhang et al., 2017","Reinhart,1971","Fernotc It Va, USA,#3",,,,,,,forest_cover_change,,point,-13,,,,%,runoff,point,0,,,,%,PWE,% cover change (source study),catchment water balance,0.34,1500,small,precip data source type (per Zhang appendix): OB,Appendix A Table A1
zhang2017_147,,,"Zhang et al., 2017","Reinhart,1971","Fernotc It Va, USA,#5",,,,,,,forest_cover_change,,point,-20,,,,%,runoff,point,4.7,,,,%,PWE,% cover change (source study),catchment water balance,0.36,1473,small,precip data source type (per Zhang appendix): OB,Appendix A Table A1
zhang2017_148,,,"Zhang et al., 2017","Reinhart,1971","Fernotc It Va, USA,#6",,,,,,,forest_cover_change,,point,-50,,,,%,runoff,point,28.8,,,,%,PWE,% cover change (source study),catchment water balance,0.22,1440,small,precip data source type (per Zhang appendix): OB,Appendix A Table A1
zhang2017_149,,,"Zhang et al., 2017","Reinhart,1971","Fernotc It Va, USA,#7",,,,,,,forest_cover_change,,point,-50,,,,%,runoff,point,19.7,,,,%,PWE,% cover change (source study),catchment water balance,0.24,1469,small,precip data source type (per Zhang appendix): OB,Appendix A Table A1
zhang2017_150,site_flamisell,exact,"Zhang et al., 2017","Buendia et al.,2016a",Flamisell,42.4,1.0,Europe,Csb,Woodland/shrubland,,forest_cover_change,,point,15,,,,%,runoff,point,-23.8,,,,%,EA,% cover change (source study),catchment water balance,345,1050,small,"lat/lon/koppen/whittaker borrowed from Yang et al. 2023 match (catchment #55, Flamisell) - confidence=exact, not manually verified as identical sub-watershed; precip data source type (per Zhang appendix): SG",Appendix A Table A1
zhang2017_151,site_fool_creek_co-1,exact,"Zhang et al., 2017","Troendle and King,1985","Fool Creek, CO-1",39.9,-105.9,North America,Dfc,Boreal forest,,forest_cover_change,,point,-40,,,,%,runoff,point,52.5,,,,%,PWE,% cover change (source study),catchment water balance,2.89,760,small,"lat/lon/koppen/whittaker borrowed from Yang et al. 2023 match (catchment #56, Fool Creek, CO-1) - confidence=exact, not manually verified as identical sub-watershed; precip data source type (per Zhang appendix): OB",Appendix A Table A1
zhang2017_152,site_fool_creek_co-2,exact,"Zhang et al., 2017","Troendle and King,1985","Fool Creek, CO-2",39.9,-105.9,North America,Dfc,Boreal forest,,forest_cover_change,,point,-40,,,,%,runoff,point,42,,,,%,PWE,% cover change (source study),catchment water balance,2.89,635,small,"lat/lon/koppen/whittaker borrowed from Yang et al. 2023 match (catchment #57, Fool Creek, CO-2) - confidence=exact, not manually verified as identical sub-watershed; precip data source type (per Zhang appendix): OB",Appendix A Table A1
zhang2017_153,site_fool_creek_co-3,exact,"Zhang et al., 2017","Alexander et al.,1985","Fool Creek, CO-3",39.9,-105.9,North America,Dfc,Boreal forest,,forest_cover_change,,point,-83,,,,%,runoff,point,18,,,,%,PWE,% cover change (source study),catchment water balance,2.89,712,small,"lat/lon/koppen/whittaker borrowed from Yang et al. 2023 match (catchment #58, Fool Creek, CO-3) - confidence=exact, not manually verified as identical sub-watershed; precip data source type (per Zhang appendix): OB",Appendix A Table A1
zhang2017_154,,,"Zhang et al., 2017","Harr,1976","Fox Creek, Oreg, USA, FC1",,,,,,,forest_cover_change,,point,-25,,,,%,runoff,point,0,,,,%,PWE,% cover change (source study),catchment water balance,0.59,2730,small,precip data source type (per Zhang appendix): OB,Appendix A Table A1
zhang2017_155,,,"Zhang et al., 2017","Harr,1980","Fox Creek, Oreg, USA, FC3",,,,,,,forest_cover_change,,point,-25,,,,%,runoff,point,0,,,,%,PWE,% cover change (source study),catchment water balance,0.71,2730,small,precip data source type (per Zhang appendix): OB,Appendix A Table A1
zhang2017_156,site_fraser_forest_co-1,exact,"Zhang et al., 2017","Alexander et al.,1985","Fraser Forest, CO-1",39.9,-105.9,North America,Dfc,Boreal forest,,forest_cover_change,,point,-66,,,,%,runoff,point,19.1,,,,%,PWE,% cover change (source study),catchment water balance,2.89,712,small,"lat/lon/koppen/whittaker borrowed from Yang et al. 2023 match (catchment #59, Fraser Forest, CO-1) - confidence=exact, not manually verified as identical sub-watershed; precip data source type (per Zhang appendix): OB",Appendix A Table A1
zhang2017_157,site_fraser_forest_co-2,exact,"Zhang et al., 2017","Alexander et al.,1985","Fraser Forest, CO-2",39.9,-105.9,North America,Dfc,Boreal forest,,forest_cover_change,,point,-50,,,,%,runoff,point,9.9,,,,%,PWE,% cover change (source study),catchment water balance,2.89,712,small,"lat/lon/koppen/whittaker borrowed from Yang et al. 2023 match (catchment #60, Fraser Forest, CO-2) - confidence=exact, not manually verified as identical sub-watershed; precip data source type (per Zhang appendix): OB",Appendix A Table A1
zhang2017_158,site_frazer_colo_usa_fool_creek,exact,"Zhang et al., 2017","Alexander and Watkins,1977; Troendle,1980","Frazer. Colo, USA, Fool Creek",40.0,-105.8,North America,Dfc,Boreal forest,,forest_cover_change,,point,-40,,,,%,runoff,point,38.5,,,,%,PWE,% cover change (source study),catchment water balance,2.89,762,small,"lat/lon/koppen/whittaker borrowed from Yang et al. 2023 match (catchment #61, Frazer. Colo, USA, Fool Creek) - confidence=exact, not manually verified as identical sub-watershed; precip data source type (per Zhang appendix): OB",Appendix A Table A1
zhang2017_159,,,"Zhang et al., 2017","Webb and Jarrett,2013",Geebung,,,,,,,forest_cover_change,,point,-34,,,,%,runoff,point,24.7,,,,%,PWE,% cover change (source study),catchment water balance,0.796,906,small,precip data source type (per Zhang appendix): OB,Appendix A Table A1
zhang2017_160,,,"Zhang et al., 2017","Webb and Jarrett,2013",Germans,,,,,,,forest_cover_change,,point,-80,,,,%,runoff,point,148.7,,,,%,PWE,% cover change (source study),catchment water balance,2.251,906,small,precip data source type (per Zhang appendix): OB,Appendix A Table A1
zhang2017_161,,,"Zhang et al., 2017","Beck et al.,2013",Grande de Lo´ ıza,,,,,,,forest_cover_change,,point,28.7,,,,%,runoff,point,-1.1,,,,%,HM,% cover change (source study),catchment water balance,233,1963,small,precip data source type (per Zhang appendix): MD,Appendix A Table A1
zhang2017_162,,,"Zhang et al., 2017","Beck et al.,2013",Grande de Manat´ ı,,,,,,,forest_cover_change,,point,20.9,,,,%,runoff,point,-36.8,,,,%,HM,% cover change (source study),catchment water balance,345.9,2004,small,precip data source type (per Zhang appendix): MD,Appendix A Table A1
zhang2017_163,site_grande_de_patillas,exact,"Zhang et al., 2017","Beck et al.,2013",Grande de Patillas,18.0,-66.0,North America,Am,Tropical rain forest,,forest_cover_change,,point,22.8,,,,%,runoff,point,-15.7,,,,%,HM,% cover change (source study),catchment water balance,46.3,1720,small,"lat/lon/koppen/whittaker borrowed from Yang et al. 2023 match (catchment #64, Grande de Patillas) - confidence=exact, not manually verified as identical sub-watershed; precip data source type (per Zhang appendix): MD",Appendix A Table A1
zhang2017_164,,,"Zhang et al., 2017","Hewlett,1979","Grant Forest, Ga, USA, WS18",,,,,,,forest_cover_change,,point,-100,,,,%,runoff,point,54.4,,,,%,PWE,% cover change (source study),catchment water balance,0.33,1219,small,precip data source type (per Zhang appendix): OB,Appendix A Table A1
zhang2017_165,,,"Zhang et al., 2017","Webb and Jarrett,2013",Grevillea,,,,,,,forest_cover_change,,point,-95,,,,%,runoff,point,350,,,,%,PWE,% cover change (source study),catchment water balance,0.925,906,small,precip data source type (per Zhang appendix): OB,Appendix A Table A1
zhang2017_166,,,"Zhang et al., 2017","Robinson and Dupeyrat, 2005",Hafren,,,,,,,forest_cover_change,,point,-26,,,,%,runoff,point,3,,,,%,PWE,% cover change (source study),catchment water balance,3.67,2500,small,precip data source type (per Zhang appendix): OB,Appendix A Table A1
zhang2017_167,site_hansen,exact,"Zhang et al., 2017","Ruprecht et al.,1991",Hansen,-37.8,144.9,Oceania,Csb,Woodland/shrubland,,forest_cover_change,,point,-75,,,,%,runoff,point,71.6,,,,%,PWE,% cover change (source study),catchment water balance,0.8,1200,small,"lat/lon/koppen/whittaker borrowed from Yang et al. 2023 match (catchment #68, Hansen) - confidence=exact, not manually verified as identical sub-watershed; precip data source type (per Zhang appendix): OB",Appendix A Table A1
zhang2017_168,site_hf1,exact,"Zhang et al., 2017","Boggs et al.,2015",HF1,36.2,78.9,Asia,BWk (flagged — see note),Desert (flagged — see note),,forest_cover_change,,point,-92,,,,%,runoff,point,240,,,,%,PWE,% cover change (source study),catchment water balance,0.12,1220,small,"lat/lon/koppen/whittaker borrowed from Yang et al. 2023 match (catchment #69, HF1) - confidence=exact, not manually verified as identical sub-watershed; precip data source type (per Zhang appendix): OB",Appendix A Table A1
zhang2017_169,,,"Zhang et al., 2017","Boggs et al.,2015",HF2,,,,,,,forest_cover_change,,point,0,,,,%,runoff,point,0,,,,%,PWE,% cover change (source study),catchment water balance,0.12,1220,small,precip data source type (per Zhang appendix): OB,Appendix A Table A1
zhang2017_170,site_hfw1,exact,"Zhang et al., 2017","Boggs et al.,2015",HFW1,36.2,78.9,Asia,BWk (flagged — see note),Desert (flagged — see note),,forest_cover_change,,point,-33,,,,%,runoff,point,40,,,,%,PWE,% cover change (source study),catchment water balance,0.29,1220,small,"lat/lon/koppen/whittaker borrowed from Yang et al. 2023 match (catchment #70, HFW1) - confidence=exact, not manually verified as identical sub-watershed; precip data source type (per Zhang appendix): OB",Appendix A Table A1
zhang2017_171,,,"Zhang et al., 2017","Boggs et al.,2015",HFW2,,,,,,,forest_cover_change,,point,0,,,,%,runoff,point,0,,,,%,PWE,% cover change (source study),catchment water balance,0.4,1220,small,precip data source type (per Zhang appendix): OB,Appendix A Table A1
zhang2017_172,,,"Zhang et al., 2017","Harr, 1976,1979","HJ Andrew, OR #1",,,,,,,forest_cover_change,,point,-100,,,,%,runoff,point,33.6,,,,%,PWE,% cover change (source study),catchment water balance,0.96,2388,small,precip data source type (per Zhang appendix): OB,Appendix A Table A1
zhang2017_173,,,"Zhang et al., 2017","Harr, 1976,1979","HJ Andrew, OR #10",,,,,,,forest_cover_change,,point,-100,,,,%,runoff,point,24.2,,,,%,PWE,% cover change (source study),catchment water balance,0.09,2320,small,precip data source type (per Zhang appendix): OB,Appendix A Table A1
zhang2017_174,,,"Zhang et al., 2017","Harr, 1976,1979","HJ Andrew, OR #3",,,,,,,forest_cover_change,,point,-30,,,,%,runoff,point,22.1,,,,%,PWE,% cover change (source study),catchment water balance,1.01,2388,small,precip data source type (per Zhang appendix): OB,Appendix A Table A1
zhang2017_175,,,"Zhang et al., 2017","Harr, 1976,1979","HJ Andrew, OR #6",,,,,,,forest_cover_change,,point,-100,,,,%,runoff,point,32.9,,,,%,PWE,% cover change (source study),catchment water balance,0.13,2150,small,precip data source type (per Zhang appendix): OB,Appendix A Table A1
zhang2017_176,,,"Zhang et al., 2017","Harr, 1976,1979","HJ Andrew, OR #7",,,,,,,forest_cover_change,,point,-60,,,,%,runoff,point,18.6,,,,%,PWE,% cover change (source study),catchment water balance,0.21,2150,small,precip data source type (per Zhang appendix): OB,Appendix A Table A1
zhang2017_177,,,"Zhang et al., 2017","Robinson and Dupeyrat, 2005",Hore,,,,,,,forest_cover_change,,point,-29,,,,%,runoff,point,11.5,,,,%,PWE,% cover change (source study),catchment water balance,3.08,2500,small,precip data source type (per Zhang appendix): OB,Appendix A Table A1
zhang2017_178,,,"Zhang et al., 2017","Yan et al.,2014",Houzhai karst basin,,,,,,,forest_cover_change,,point,18.9,,,,%,runoff,point,0,,,,%,SH,% cover change (source study),catchment water balance,80.65,1314.6,small,precip data source type (per Zhang appendix): OB,Appendix A Table A1
zhang2017_179,,,"Zhang et al., 2017","Hornbeck et al.,1970","Hubbard Brook, N H, USA, WS2",,,,,,,forest_cover_change,,point,-100,,,,%,runoff,point,48.3,,,,%,PWE,% cover change (source study),catchment water balance,0.16,1219,small,precip data source type (per Zhang appendix): OB,Appendix A Table A1
zhang2017_180,,,"Zhang et al., 2017","Hornbeck,1975","Hubbard Brook, N H, USA, WS5",,,,,,,forest_cover_change,,point,-30,,,,%,runoff,point,70.4,,,,%,PWE,% cover change (source study),catchment water balance,0.35,1219,small,precip data source type (per Zhang appendix): OB,Appendix A Table A1
zhang2017_181,,,"Zhang et al., 2017","Beck et al.,2013",Inabon ´,,,,,,,forest_cover_change,,point,54.3,,,,%,runoff,point,-33.3,,,,%,HM,% cover change (source study),catchment water balance,24.5,1781,small,precip data source type (per Zhang appendix): MD,Appendix A Table A1
zhang2017_182,site_jackwood,exact,"Zhang et al., 2017","Cornish and Vertessy, 2001",Jackwood,-32.6,152.0,Oceania,Cfa,Temperate seasonal forest,,forest_cover_change,,point,-79,,,,%,runoff,point,69.1,,,,%,PWE,% cover change (source study),catchment water balance,0.125,1485,small,"lat/lon/koppen/whittaker borrowed from Yang et al. 2023 match (catchment #84, Jackwood) - confidence=exact, not manually verified as identical sub-watershed; precip data source type (per Zhang appendix): OB",Appendix A Table A1
zhang2017_183,,,"Zhang et al., 2017","Molina et al.,2012",Jadan,,,,,,,forest_cover_change,,point,-6.8,,,,%,runoff,point,28.5,,,,%,SH,% cover change (source study),catchment water balance,296,850,small,precip data source type (per Zhang appendix): OB,Appendix A Table A1
zhang2017_184,,,"Zhang et al., 2017","Van der Zeland Kruger,1975","Jonhershoek, South Africa:Bosboukloof",,,,,,,forest_cover_change,,point,57,,,,%,runoff,point,-4.6,,,,%,PWE,% cover change (source study),catchment water balance,2,1390,small,precip data source type (per Zhang appendix): OB,Appendix A Table A1
zhang2017_185,,,"Zhang et al., 2017","Nakano, 1971",Kamabuchi No. 2,,,,,,,forest_cover_change,,point,-100,,,,%,runoff,point,5.1,,,,%,PWE,% cover change (source study),catchment water balance,0.03,2641,small,precip data source type (per Zhang appendix): OB,Appendix A Table A1
zhang2017_186,,,"Zhang et al., 2017","Koivusalo et al., 2006",Kangasvaara,,,,,,,forest_cover_change,,point,-35,,,,%,runoff,point,5.8,,,,%,"PWE, HM",% cover change (source study),catchment water balance,0.56,700,small,precip data source type (per Zhang appendix): OB,Appendix A Table A1
zhang2017_187,site_kericho_sambret,exact,"Zhang et al., 2017","Pereira,1962",Kericho Sambret,-0.4,35.4,Africa,Cwb,Tropical seasonal forest/savanna,,forest_cover_change,,point,-34,,,,%,runoff,point,13.1,,,,%,PWE,% cover change (source study),catchment water balance,7.02,2236,small,"lat/lon/koppen/whittaker borrowed from Yang et al. 2023 match (catchment #91, Kericho Sambret) - confidence=exact, not manually verified as identical sub-watershed; precip data source type (per Zhang appendix): OB",Appendix A Table A1
zhang2017_188,,,"Zhang et al., 2017","Bruijnzeel,1990",Kimakia,,,,,,,forest_cover_change,,point,100,,,,%,runoff,point,10.9,,,,%,PWE,% cover change (source study),catchment water balance,0.364,2307,small,precip data source type (per Zhang appendix): OB,Appendix A Table A1
zhang2017_189,,,"Zhang et al., 2017","Bruijnzeel,1990",Kimakia A,,,,,,,forest_cover_change,,point,-100,,,,%,runoff,point,80.5,,,,%,PWE,% cover change (source study),catchment water balance,0.35,2014,small,precip data source type (per Zhang appendix): OB,Appendix A Table A1
zhang2017_190,,,"Zhang et al., 2017","Ide et al.,2013",Kivipuro,,,,,,,forest_cover_change,,point,-56,,,,%,runoff,point,4,,,,%,PWE,% cover change (source study),catchment water balance,0.86,564,small,precip data source type (per Zhang appendix): OB,Appendix A Table A1
zhang2017_191,,,"Zhang et al., 2017","Cornish, 1993",Kokota,,,,,,,forest_cover_change,,point,29,,,,%,runoff,point,35.4,,,,%,PWE,% cover change (source study),catchment water balance,0.974,1669,small,precip data source type (per Zhang appendix): OB,Appendix A Table A1
zhang2017_192,site_la_baells_in_llobregat,exact,"Zhang et al., 2017","Gallart et al.,2011",La Baells in Llobregat,42.0,1.7,Europe,Csb,Woodland/shrubland,,forest_cover_change,,point,14,,,,%,runoff,point,-15,,,,%,HM,% cover change (source study),catchment water balance,504,905,small,"lat/lon/koppen/whittaker borrowed from Yang et al. 2023 match (catchment #94, La Baells in Llobregat) - confidence=exact, not manually verified as identical sub-watershed; precip data source type (per Zhang appendix): OB",Appendix A Table A1
zhang2017_193,,,"Zhang et al., 2017","Niedda et al.,2014",Lake Baratz,,,,,,,forest_cover_change,,point,-18,,,,%,runoff,point,-13,,,,%,HM,% cover change (source study),catchment water balance,12,630,small,precip data source type (per Zhang appendix): OB,Appendix A Table A1
zhang2017_194,,,"Zhang et al., 2017","Scott, 1993",Lambreehtaboa B,,,,,,,forest_cover_change,,point,84,,,,%,runoff,point,0,,,,%,PWE,% cover change (source study),catchment water balance,0.65,1473,small,precip data source type (per Zhang appendix): OB,Appendix A Table A1
zhang2017_195,site_latrobe_river,probable,"Zhang et al., 2017","Zhou et al., 2015",Latrobe River,-37.7,146.2,Oceania,Cfb,Temperate seasonal forest,,forest_cover_change,,point,-18.5,,,,%,runoff,point,26.4,,,,%,PWE,% cover change (source study),catchment water balance,292.91,394,small,"lat/lon/koppen/whittaker borrowed from Yang et al. 2023 match (catchment #95, Latrobe River) - confidence=probable, not manually verified as identical sub-watershed; precip data source type (per Zhang appendix): OB",Appendix A Table A1
zhang2017_196,,,"Zhang et al., 2017","Lynch et al.,1980","Leading Ridge, PA #2",,,,,,,forest_cover_change,,point,-20,,,,%,runoff,point,21.3,,,,%,PWE,% cover change (source study),catchment water balance,0.43,1000,small,precip data source type (per Zhang appendix): OB,Appendix A Table A1
zhang2017_197,site_left_fork,exact,"Zhang et al., 2017","Bruijnzeel,1990",Left Fork,15.0,121.4,Asia,Af,Tropical rain forest,,forest_cover_change,,point,-100,,,,%,runoff,point,9.5,,,,%,PWE,% cover change (source study),catchment water balance,0.01,3170,small,"lat/lon/koppen/whittaker borrowed from Yang et al. 2023 match (catchment #97, Left Fork) - confidence=exact, not manually verified as identical sub-watershed; precip data source type (per Zhang appendix): OB",Appendix A Table A1
zhang2017_198,site_lianshui,exact,"Zhang et al., 2017","Li et al.,2014",Lianshui,26.5,115.6,Asia,Cfa,Temperate seasonal forest,,forest_cover_change,,point,23,,,,%,runoff,point,-7.7,,,,%,HM,% cover change (source study),catchment water balance,579,1600,small,"lat/lon/koppen/whittaker borrowed from Yang et al. 2023 match (catchment #98, Lianshui) - confidence=exact, not manually verified as identical sub-watershed; precip data source type (per Zhang appendix): OB",Appendix A Table A1
zhang2017_199,,,"Zhang et al., 2017","Bart and Hope,2010",Lopez,,,,,,,forest_cover_change,,point,-100,,,,%,runoff,point,0,,,,%,PWE,% cover change (source study),catchment water balance,54,689,small,precip data source type (per Zhang appendix): OB,Appendix A Table A1
zhang2017_200,site_luano,exact,"Zhang et al., 2017","Bruijnzeel,1990",Luano,-14.8,29.6,Africa,Cwa,Tropical seasonal forest/savanna,,forest_cover_change,,point,-100,,,,%,runoff,point,56,,,,%,PWE,% cover change (source study),catchment water balance,1.2,1400,small,"lat/lon/koppen/whittaker borrowed from Yang et al. 2023 match (catchment #99, Luano) - confidence=exact, not manually verified as identical sub-watershed; precip data source type (per Zhang appendix): OB",Appendix A Table A1
zhang2017_201,,,"Zhang et al., 2017","Wang et al.,2009",LuErGou watershed,,,,,,,forest_cover_change,,point,4,,,,%,runoff,point,0,,,,%,SH,% cover change (source study),catchment water balance,12,570,small,precip data source type (per Zhang appendix): OB,Appendix A Table A1
zhang2017_202,site_lynx_ck,exact,"Zhang et al., 2017","Mahat et al.,2016",Lynx Ck,49.8,-113.2,North America,Dfb,Boreal forest,,forest_cover_change,,point,-67,,,,%,runoff,point,15,,,,%,"QPW, EA",% cover change (source study),catchment water balance,8.21,1092,small,"lat/lon/koppen/whittaker borrowed from Yang et al. 2023 match (catchment #100, Lynx Ck) - confidence=exact, not manually verified as identical sub-watershed; precip data source type (per Zhang appendix): OB",Appendix A Table A1
zhang2017_203,,,"Zhang et al., 2017","Yu et al.,2015",Lysina watershed,,,,,,,forest_cover_change,,point,-54,,,,%,runoff,point,-9.5,,,,%,HM,% cover change (source study),catchment water balance,610,834.5,small,precip data source type (per Zhang appendix): OB,Appendix A Table A1
zhang2017_204,,,"Zhang et al., 2017","Buttle and Metcalfe, 2000","M2, Canada",,,,,,,forest_cover_change,,point,-4.9,,,,%,runoff,point,0,,,,%,QPW,% cover change (source study),catchment water balance,401,895,small,precip data source type (per Zhang appendix): OB,Appendix A Table A1
zhang2017_205,,,"Zhang et al., 2017","Dung et al.,2012",M5,,,,,,,forest_cover_change,,point,-43.2,,,,%,runoff,point,35.2,,,,%,PWE,% cover change (source study),catchment water balance,0.0035,1987,small,precip data source type (per Zhang appendix): OB,Appendix A Table A1
zhang2017_206,site_mabegondo,exact,"Zhang et al., 2017","Rodriguez Suarez,2014",Mabegondo,8.3,-43.2,Europe (flagged — see note),Cfb (flagged — see note),Temperate seasonal forest (flagged — see note),,forest_cover_change,,point,80,,,,%,runoff,point,-22,,,,%,HM,% cover change (source study),catchment water balance,0.1,1490,small,"lat/lon/koppen/whittaker borrowed from Yang et al. 2023 match (catchment #101, Mabegondo) - confidence=exact, not manually verified as identical sub-watershed; precip data source type (per Zhang appendix): OB",Appendix A Table A1
zhang2017_207,,,"Zhang et al., 2017","Pearce et al.,1976","Maimai, New Zealand, M7",,,,,,,forest_cover_change,,point,-100,,,,%,runoff,point,43.3,,,,%,PWE,% cover change (source study),catchment water balance,0.0414,2600,small,precip data source type (per Zhang appendix): OB,Appendix A Table A1
zhang2017_208,,,"Zhang et al., 2017","Pearce et al.,1976","Maimai, New Zealand, M9",,,,,,,forest_cover_change,,point,-75,,,,%,runoff,point,36,,,,%,PWE,% cover change (source study),catchment water balance,0.0826,2600,small,precip data source type (per Zhang appendix): OB,Appendix A Table A1
zhang2017_209,,,"Zhang et al., 2017","Hornbeck et at. ,1993","Marcell ,MN #4",,,,,,,forest_cover_change,,point,-100,,,,%,runoff,point,27.3,,,,%,PWE,% cover change (source study),catchment water balance,0.34,760,small,precip data source type (per Zhang appendix): OB,Appendix A Table A1
zhang2017_210,,,"Zhang et al., 2017","Bari et al., 1996",March Rd.,,,,,,,forest_cover_change,,point,100,,,,%,runoff,point,147.6,,,,%,PWE,% cover change (source study),catchment water balance,2.48,1070,small,precip data source type (per Zhang appendix): OB,Appendix A Table A1
zhang2017_211,,,"Zhang et al., 2017","Edwards and Blackie,1981",Mbeya,,,,,,,forest_cover_change,,point,-50,,,,%,runoff,point,33,,,,%,PWE,% cover change (source study),catchment water balance,0.202,1658,small,precip data source type (per Zhang appendix): OB,Appendix A Table A1
zhang2017_212,,,"Zhang et al., 2017","Van Lill et al., 1980","Mokobuloan, South Africa:C A",,,,,,,forest_cover_change,,point,100,,,,%,runoff,point,-196.5,,,,%,PWE,% cover change (source study),catchment water balance,0.26,1150,small,precip data source type (per Zhang appendix): OB,Appendix A Table A1
zhang2017_213,,,"Zhang et al., 2017",O’Shaughnessy et al. (1979); Watson et al. (2001),Monda 1,,,,,,,forest_cover_change,,point,75,,,,%,runoff,point,43,,,,%,PWE,% cover change (source study),catchment water balance,0.63,1876,small,precip data source type (per Zhang appendix): OB,Appendix A Table A1
zhang2017_214,,,"Zhang et al., 2017",O’Shaughnessy et al. (1979); Watson et al. (2001),Monda 2,,,,,,,forest_cover_change,,point,75,,,,%,runoff,point,104,,,,%,PWE,% cover change (source study),catchment water balance,0.04,1813,small,precip data source type (per Zhang appendix): OB,Appendix A Table A1
zhang2017_215,,,"Zhang et al., 2017",O’Shaughnessy et al. (1979); Watson et al. (2001),Monda 3,,,,,,,forest_cover_change,,point,75,,,,%,runoff,point,97,,,,%,PWE,% cover change (source study),catchment water balance,0.73,1763,small,precip data source type (per Zhang appendix): OB,Appendix A Table A1
zhang2017_216,,,"Zhang et al., 2017","Buytaert et al.,2007",MP1,,,,,,,forest_cover_change,,point,90,,,,%,runoff,point,-50,,,,%,PWE,% cover change (source study),catchment water balance,0.63,939,small,precip data source type (per Zhang appendix): OB,Appendix A Table A1
zhang2017_217,,,"Zhang et al., 2017","Iroumé and Palacios,2013",Muco,,,,,,,forest_cover_change,,point,9,,,,%,runoff,point,0,,,,%,SH,% cover change (source study),catchment water balance,650,1700,small,precip data source type (per Zhang appendix): OB,Appendix A Table A1
zhang2017_218,site_mulchén,exact,"Zhang et al., 2017","Iroumé and Palacios,2013",Mulchén,-38.0,-72.0,South America,Csb,Temperate rain forest,,forest_cover_change,,point,50,,,,%,runoff,point,-25.5,,,,%,SH,% cover change (source study),catchment water balance,434,1597,small,"lat/lon/koppen/whittaker borrowed from Yang et al. 2023 match (catchment #110, Mulchén) - confidence=exact, not manually verified as identical sub-watershed; precip data source type (per Zhang appendix): OB",Appendix A Table A1
zhang2017_219,,,"Zhang et al., 2017",O’Shaughnessy et al. (1979); Watson et al. (2001),Myrtle 4,,,,,,,forest_cover_change,,point,74,,,,%,runoff,point,38,,,,%,PWE,% cover change (source study),catchment water balance,0.305,1590,small,precip data source type (per Zhang appendix): OB,Appendix A Table A1
zhang2017_220,,,"Zhang et al., 2017","Hibbert ,1979",N. Fork,,,,,,,forest_cover_change,,point,-32,,,,%,runoff,point,59.3,,,,%,PWE,% cover change (source study),catchment water balance,1,810,small,precip data source type (per Zhang appendix): OB,Appendix A Table A1
zhang2017_221,,,"Zhang et al., 2017","Hibbert ,1979","N. Creek, Babinda, Queensland",,,,,,,forest_cover_change,,point,-67,,,,%,runoff,point,10.2,,,,%,PWE,% cover change (source study),catchment water balance,0.183,4239,small,precip data source type (per Zhang appendix): OB,Appendix A Table A1
zhang2017_222,,,"Zhang et al., 2017","Troendle and King,1988",N. Fork-1,,,,,,,forest_cover_change,,point,-36,,,,%,runoff,point,69.8,,,,%,PWE,% cover change (source study),catchment water balance,0.41,810,small,precip data source type (per Zhang appendix): OB,Appendix A Table A1
zhang2017_223,,,"Zhang et al., 2017","Troende and King ,1994",N. Fork-2,,,,,,,forest_cover_change,,point,-40,,,,%,runoff,point,55.8,,,,%,PWE,% cover change (source study),catchment water balance,0.41,810,small,precip data source type (per Zhang appendix): OB,Appendix A Table A1
zhang2017_224,,,"Zhang et al., 2017","Bi et al,2009",Nanxiaohe Catchment,,,,,,,forest_cover_change,,point,40,,,,%,runoff,point,-49.6,,,,%,PWE,% cover change (source study),catchment water balance,36.3,523.38,small,precip data source type (per Zhang appendix): OB,Appendix A Table A1
zhang2017_225,,,"Zhang et al., 2017","Hibbert,1971,1979;","Natural DRDages, Ariz., U.S.A, A",,,,,,,forest_cover_change,,point,-100,,,,%,runoff,point,0,,,,%,PWE,% cover change (source study),catchment water balance,0.05,452,small,precip data source type (per Zhang appendix): OB,Appendix A Table A1
zhang2017_226,,,"Zhang et al., 2017","Hibbert et al.,1975","Natural DRDages, Ariz., U.S.A, C",,,,,,,forest_cover_change,,point,-100,,,,%,runoff,point,30.2,,,,%,PWE,% cover change (source study),catchment water balance,0.05,452,small,precip data source type (per Zhang appendix): OB,Appendix A Table A1
zhang2017_227,,,"Zhang et al., 2017","Stednick ,1996","Needle Branch, OR",,,,,,,forest_cover_change,,point,-82,,,,%,runoff,point,32.6,,,,%,PWE,% cover change (source study),catchment water balance,0.71,2480,small,precip data source type (per Zhang appendix): OB,Appendix A Table A1
zhang2017_228,site_nilgiri,exact,"Zhang et al., 2017","Samaraj et al. ,1988",Nilgiri,11.5,76.6,Asia,Cwb,Tropical seasonal forest/savanna,,forest_cover_change,,point,59,,,,%,runoff,point,-15.8,,,,%,PWE,% cover change (source study),catchment water balance,0.318,1535,small,"lat/lon/koppen/whittaker borrowed from Yang et al. 2023 match (catchment #112, Nilgiri) - confidence=exact, not manually verified as identical sub-watershed; precip data source type (per Zhang appendix): OB",Appendix A Table A1
zhang2017_229,,,"Zhang et al., 2017","Mahat et al.,2016",North York,,,,,,,forest_cover_change,,point,0.2,,,,%,runoff,point,0,,,,%,"QPW, EA",% cover change (source study),catchment water balance,8.29,1116,small,precip data source type (per Zhang appendix): OB,Appendix A Table A1
zhang2017_230,site_oleolega_catchment,exact,"Zhang et al., 2017","Waterloo et al.,2007",Oleolega catchment,-17.8,177.4,Oceania,Af,Tropical rain forest,,forest_cover_change,,point,90,,,,%,runoff,point,50,,,,%,HM,% cover change (source study),catchment water balance,0.63,1867,small,"lat/lon/koppen/whittaker borrowed from Yang et al. 2023 match (catchment #115, Oleolega catchment) - confidence=exact, not manually verified as identical sub-watershed; precip data source type (per Zhang appendix): OB",Appendix A Table A1
zhang2017_231,site_olius_in_cardener,exact,"Zhang et al., 2017","Gallart et al.,2011",Olius in Cardener,41.7,1.4,Europe,Csb,Woodland/shrubland,,forest_cover_change,,point,22,,,,%,runoff,point,-21,,,,%,HM,% cover change (source study),catchment water balance,256,839,small,"lat/lon/koppen/whittaker borrowed from Yang et al. 2023 match (catchment #116, Olius in Cardener) - confidence=exact, not manually verified as identical sub-watershed; precip data source type (per Zhang appendix): OB",Appendix A Table A1
zhang2017_232,,,"Zhang et al., 2017","Rothacher, 1970","Ouachita, OK WS #10",,,,,,,forest_cover_change,,point,-50,,,,%,runoff,point,30.9,,,,%,PWE,% cover change (source study),catchment water balance,0.0574,1317,small,precip data source type (per Zhang appendix): OB,Appendix A Table A1
zhang2017_233,,,"Zhang et al., 2017","Harr,1976; Harr et al. ,1979, 1982","Ouachita, OK WS #12",,,,,,,forest_cover_change,,point,-100,,,,%,runoff,point,45.5,,,,%,PWE,% cover change (source study),catchment water balance,0.0591,1317,small,precip data source type (per Zhang appendix): OB,Appendix A Table A1
zhang2017_234,,,"Zhang et al., 2017","Harr,1976; Harr et al.,1979, 1982","Ouachita, OK WS #14",,,,,,,forest_cover_change,,point,-50,,,,%,runoff,point,33.8,,,,%,PWE,% cover change (source study),catchment water balance,0.0435,1317,small,precip data source type (per Zhang appendix): OB,Appendix A Table A1
zhang2017_235,,,"Zhang et al., 2017","Harr,1976; Harr et al., 1979","Ouachita, OK WS #15",,,,,,,forest_cover_change,,point,-100,,,,%,runoff,point,31.7,,,,%,PWE,% cover change (source study),catchment water balance,0.0511,1317,small,precip data source type (per Zhang appendix): OB,Appendix A Table A1
zhang2017_236,,,"Zhang et al., 2017","Lewis,1968","Ouachita, OK WS #17",,,,,,,forest_cover_change,,point,-50,,,,%,runoff,point,23.1,,,,%,PWE,% cover change (source study),catchment water balance,0.0415,1317,small,precip data source type (per Zhang appendix): OB,Appendix A Table A1
zhang2017_237,,,"Zhang et al., 2017","Harr, 1976; Harr et al. ,1979","Ouachita, OK WS #11",,,,,,,forest_cover_change,,point,0,,,,%,runoff,point,0,,,,%,PWE,% cover change (source study),catchment water balance,0.0493,1317,small,precip data source type (per Zhang appendix): OB,Appendix A Table A1
zhang2017_238,,,"Zhang et al., 2017","Rowe,1963","Ouachita, OK WS #18",,,,,,,forest_cover_change,,point,-100,,,,%,runoff,point,18.5,,,,%,PWE,% cover change (source study),catchment water balance,0.0408,1317,small,precip data source type (per Zhang appendix): OB,Appendix A Table A1
zhang2017_239,,,"Zhang et al., 2017","Webb and Jarrett,2013",Peppermint,,,,,,,forest_cover_change,,point,-20,,,,%,runoff,point,49.3,,,,%,PWE,% cover change (source study),catchment water balance,1.275,906,small,precip data source type (per Zhang appendix): OB,Appendix A Table A1
zhang2017_240,,,"Zhang et al., 2017","Webb and Jarrett,2013",Peppermint,,,,,,,forest_cover_change,,point,-39,,,,%,runoff,point,49,,,,%,PWE,% cover change (source study),catchment water balance,1.285,906,small,precip data source type (per Zhang appendix): OB,Appendix A Table A1
zhang2017_241,,,"Zhang et al., 2017","Bren et al., 2010",Picaninny Creek,,,,,,,forest_cover_change,,point,-100,,,,%,runoff,point,36,,,,%,PWE,% cover change (source study),catchment water balance,0.528,1330,small,precip data source type (per Zhang appendix): OB,Appendix A Table A1
zhang2017_242,site_pine_tree_branch,exact,"Zhang et al., 2017","T V.A, 1961",Pine Tree Branch,35.6,-88.8,North America,Cfa,Temperate seasonal forest,,forest_cover_change,,point,-75,,,,%,runoff,point,59.6,,,,%,PWE,% cover change (source study),catchment water balance,0.35,1230,small,"lat/lon/koppen/whittaker borrowed from Yang et al. 2023 match (catchment #117, Pine Tree Branch) - confidence=exact, not manually verified as identical sub-watershed; precip data source type (per Zhang appendix): OB",Appendix A Table A1
zhang2017_243,,,"Zhang et al., 2017","Lewis,1968","Placer County, CA, USA,WS C",,,,,,,forest_cover_change,,point,-99,,,,%,runoff,point,106.2,,,,%,PWE,% cover change (source study),catchment water balance,0.05,635,small,precip data source type (per Zhang appendix): OB,Appendix A Table A1
zhang2017_244,,,"Zhang et al., 2017","Beck et al.,2013",Portugues ´,,,,,,,forest_cover_change,,point,50.9,,,,%,runoff,point,7.7,,,,%,HM,% cover change (source study),catchment water balance,22.9,1875,small,precip data source type (per Zhang appendix): MD,Appendix A Table A1
zhang2017_245,,,"Zhang et al., 2017","Iroumé and Palacios,2013",Quepe,,,,,,,forest_cover_change,,point,1.6,,,,%,runoff,point,0,,,,%,SH,% cover change (source study),catchment water balance,386,1700,small,precip data source type (per Zhang appendix): OB,Appendix A Table A1
zhang2017_246,,,"Zhang et al., 2017","Iroumé and Palacios,2013",Quillén,,,,,,,forest_cover_change,,point,11.1,,,,%,runoff,point,0,,,,%,SH,% cover change (source study),catchment water balance,734,1700,small,precip data source type (per Zhang appendix): OB,Appendix A Table A1
zhang2017_247,,,"Zhang et al., 2017","Wu et al.,2007",R´ıo Fajardo,,,,,,,forest_cover_change,,point,12,,,,%,runoff,point,-15,,,,%,HM,% cover change (source study),catchment water balance,40,2908,small,precip data source type (per Zhang appendix): SG,Appendix A Table A1
zhang2017_248,,,"Zhang et al., 2017","Webb and Kathuria, 2012",Red Hill,,,,,,,forest_cover_change,,point,100,,,,%,runoff,point,-103.3,,,,%,PWE,% cover change (source study),catchment water balance,1.95,773,small,precip data source type (per Zhang appendix): OB,Appendix A Table A1
zhang2017_249,site_ribera_salada,exact,"Zhang et al., 2017","Buendia et al.,2016b",Ribera Salada,42.0,1.4,Europe,Csb,Woodland/shrubland,,forest_cover_change,,point,18.46153846,,,,%,runoff,point,-24,,,,%,HM,% cover change (source study),catchment water balance,65,620,small,"lat/lon/koppen/whittaker borrowed from Yang et al. 2023 match (catchment #120, Ribera Salada) - confidence=exact, not manually verified as identical sub-watershed; precip data source type (per Zhang appendix): OB",Appendix A Table A1
zhang2017_250,site_rimbaud,exact,"Zhang et al., 2017","Lavabre et al.,1993",Rimbaud,43.2,6.3,Europe,Csa,Woodland/shrubland,,forest_cover_change,,point,-85,,,,%,runoff,point,23.6,,,,%,PWE,% cover change (source study),catchment water balance,1.4,1164,small,"lat/lon/koppen/whittaker borrowed from Yang et al. 2023 match (catchment #121, Rimbaud) - confidence=exact, not manually verified as identical sub-watershed; precip data source type (per Zhang appendix): OB",Appendix A Table A1
zhang2017_251,,,"Zhang et al., 2017","Bosch, 1982",S. Fork,,,,,,,forest_cover_change,,point,-45,,,,%,runoff,point,0,,,,%,PWE,% cover change (source study),catchment water balance,1,813,small,precip data source type (per Zhang appendix): OB,Appendix A Table A1
zhang2017_252,site_s_tekama,exact,"Zhang et al., 2017","Bruijnzeel,1990",S. TekamA,4.0,102.3,Asia,Af,Tropical rain forest,,forest_cover_change,,point,-100,,,,%,runoff,point,117,,,,%,PWE,% cover change (source study),catchment water balance,0.377,1880,small,"lat/lon/koppen/whittaker borrowed from Yang et al. 2023 match (catchment #123, S. TekamA) - confidence=exact, not manually verified as identical sub-watershed; precip data source type (per Zhang appendix): OB",Appendix A Table A1
zhang2017_253,site_s_tekamb,exact,"Zhang et al., 2017","Bruijnzeel,1990",S. TekamB,4.0,102.3,Asia,Af,Tropical rain forest,,forest_cover_change,,point,-60,,,,%,runoff,point,85.3,,,,%,PWE,% cover change (source study),catchment water balance,0.592,1880,small,"lat/lon/koppen/whittaker borrowed from Yang et al. 2023 match (catchment #124, S. TekamB) - confidence=exact, not manually verified as identical sub-watershed; precip data source type (per Zhang appendix): OB",Appendix A Table A1
zhang2017_254,,,"Zhang et al., 2017","Bruijnzeel,1990",Sambret,,,,,,,forest_cover_change,,point,54,,,,%,runoff,point,27.7,,,,%,PWE,% cover change (source study),catchment water balance,7,2130,small,precip data source type (per Zhang appendix): OB,Appendix A Table A1
zhang2017_255,,,"Zhang et al., 2017","Harris,1973, 1977 , Harr , 1976","San Dimas, CA",,,,,,,forest_cover_change,,point,-1.7,,,,%,runoff,point,9.4,,,,%,PWE,% cover change (source study),catchment water balance,3.54,650,small,precip data source type (per Zhang appendix): OB,Appendix A Table A1
zhang2017_256,,,"Zhang et al., 2017","Bart and Hope,2010",Santa Paula,,,,,,,forest_cover_change,,point,-71,,,,%,runoff,point,0,,,,%,PWE,% cover change (source study),catchment water balance,104,680,small,precip data source type (per Zhang appendix): OB,Appendix A Table A1
zhang2017_257,,,"Zhang et al., 2017","Bart and Hope,2010",Sespe,,,,,,,forest_cover_change,,point,-40,,,,%,runoff,point,0,,,,%,PWE,% cover change (source study),catchment water balance,130,707,small,precip data source type (per Zhang appendix): OB,Appendix A Table A1
zhang2017_258,,,"Zhang et al., 2017","Robinson and Dupeyrat, 2005",Severn,,,,,,,forest_cover_change,,point,-32,,,,%,runoff,point,2.5,,,,%,PWE,% cover change (source study),catchment water balance,8.7,2500,small,precip data source type (per Zhang appendix): OB,Appendix A Table A1
zhang2017_259,,,"Zhang et al., 2017","Brown et al., 2005",Shacklam Brook,,,,,,,forest_cover_change,,point,58,,,,%,runoff,point,20.7,,,,%,PWE,% cover change (source study),catchment water balance,8.08,1030,small,precip data source type (per Zhang appendix): OB,Appendix A Table A1
zhang2017_260,,,"Zhang et al., 2017","Hibbert, 1979","Sierra Ancha, Ariz., U.S.A.:North Fork, Workman Creek",,,,,,,forest_cover_change,,point,-32,,,,%,runoff,point,59.3,,,,%,PWE,% cover change (source study),catchment water balance,1,813,small,precip data source type (per Zhang appendix): OB,Appendix A Table A1
zhang2017_261,,,"Zhang et al., 2017","Keppeler and Ziemer, 1990",South Forks of Caspar Creek,,,,,,,forest_cover_change,,point,-67,,,,%,runoff,point,15,,,,%,PWE,% cover change (source study),catchment water balance,4.24,813,small,precip data source type (per Zhang appendix): OB,Appendix A Table A1
zhang2017_262,site_south_york,exact,"Zhang et al., 2017","Mahat et al.,2016",South York,49.8,-113.2,North America,Dfb,Boreal forest,,forest_cover_change,,point,-53,,,,%,runoff,point,15,,,,%,"QPW, EA",% cover change (source study),catchment water balance,3.59,1220,small,"lat/lon/koppen/whittaker borrowed from Yang et al. 2023 match (catchment #128, South York) - confidence=exact, not manually verified as identical sub-watershed; precip data source type (per Zhang appendix): OB",Appendix A Table A1
zhang2017_263,,,"Zhang et al., 2017","Kabeya et al.,2016",Srk2 Sarukawa Experimental Watershed,,,,,,,forest_cover_change,,point,-43,,,,%,runoff,point,19.5,,,,%,PWE,% cover change (source study),catchment water balance,9.2,3046,small,precip data source type (per Zhang appendix): OB,Appendix A Table A1
zhang2017_264,,,"Zhang et al., 2017","Alexander et al., 1985","St. Louis Creek, CO-1",,,,,,,forest_cover_change,,point,-13,,,,%,runoff,point,0,,,,%,PWE,% cover change (source study),catchment water balance,2.89,712,small,precip data source type (per Zhang appendix): OB,Appendix A Table A1
zhang2017_265,site_st_louis_creek_co-2,exact,"Zhang et al., 2017","Alexander et al., 1985","St. Louis Creek, CO-2",39.9,-105.9,North America,Dfc,Boreal forest,,forest_cover_change,,point,-100,,,,%,runoff,point,31.1,,,,%,PWE,% cover change (source study),catchment water balance,2.89,712,small,"lat/lon/koppen/whittaker borrowed from Yang et al. 2023 match (catchment #129, St. Louis Creek, CO-2) - confidence=exact, not manually verified as identical sub-watershed; precip data source type (per Zhang appendix): OB",Appendix A Table A1
zhang2017_266,,,"Zhang et al., 2017","Mahat et al.,2016",Star Creek,,,,,,,forest_cover_change,,point,0,,,,%,runoff,point,0,,,,%,"QPW, EA",% cover change (source study),catchment water balance,10.59,754,small,precip data source type (per Zhang appendix): OB,Appendix A Table A1
zhang2017_267,site_starvation_creek,exact,"Zhang et al., 2017","Zhou et al., 2015",Starvation Creek,-37.6,146.1,Oceania,Cfb,Temperate seasonal forest,,forest_cover_change,,point,-84.1,,,,%,runoff,point,32.6,,,,%,PWE,% cover change (source study),catchment water balance,31.47,1604,small,"lat/lon/koppen/whittaker borrowed from Yang et al. 2023 match (catchment #130, Starvation Creek) - confidence=exact, not manually verified as identical sub-watershed; precip data source type (per Zhang appendix): OB",Appendix A Table A1
zhang2017_268,,,"Zhang et al., 2017","Webb and Jarrett,2013",Stringybark,,,,,,,forest_cover_change,,point,-36,,,,%,runoff,point,50,,,,%,PWE,% cover change (source study),catchment water balance,1.4,906,small,precip data source type (per Zhang appendix): OB,Appendix A Table A1
zhang2017_269,site_swartbos,exact,"Zhang et al., 2017","Scott ,1993",Swartbos.,-34.0,18.9,Africa,Csb,Woodland/shrubland,,forest_cover_change,,point,-100,,,,%,runoff,point,7.5,,,,%,PWE,% cover change (source study),catchment water balance,1.8,2270,small,"lat/lon/koppen/whittaker borrowed from Yang et al. 2023 match (catchment #131, Swartbos) - confidence=exact, not manually verified as identical sub-watershed; precip data source type (per Zhang appendix): OB",Appendix A Table A1
zhang2017_270,,,"Zhang et al., 2017","Brown et al., 2005",Ta kaxagawa Shozawa,,,,,,,forest_cover_change,,point,-50,,,,%,runoff,point,11.2,,,,%,PWE,% cover change (source study),catchment water balance,1.18,2153,small,precip data source type (per Zhang appendix): OB,Appendix A Table A1
zhang2017_271,,,"Zhang et al., 2017","Beck et al.,2013",Tanama ´,,,,,,,forest_cover_change,,point,42.7,,,,%,runoff,point,-4.7,,,,%,HM,% cover change (source study),catchment water balance,47.1,2102,small,precip data source type (per Zhang appendix): MD,Appendix A Table A1
zhang2017_272,,,"Zhang et al., 2017","Robinson and Dupeyrat, 2005",Tanllwyth,,,,,,,forest_cover_change,,point,-49,,,,%,runoff,point,3.5,,,,%,PWE,% cover change (source study),catchment water balance,0.89,2500,small,precip data source type (per Zhang appendix): OB,Appendix A Table A1
zhang2017_273,,,"Zhang et al., 2017","Gottfried, 1991",Thomas Cr. AZ,,,,,,,forest_cover_change,,point,-34,,,,%,runoff,point,14,,,,%,PWE,% cover change (source study),catchment water balance,2.27,768,small,precip data source type (per Zhang appendix): OB,Appendix A Table A1
zhang2017_274,site_thomson,exact,"Zhang et al., 2017","Borg et at. , 1988",Thomson,-37.8,146.3,Oceania,Cfb,Temperate seasonal forest,,forest_cover_change,,point,70,,,,%,runoff,point,-55.3,,,,%,SH,% cover change (source study),catchment water balance,1.964,950,small,"lat/lon/koppen/whittaker borrowed from Yang et al. 2023 match (catchment #139, Thomson) - confidence=exact, not manually verified as identical sub-watershed; precip data source type (per Zhang appendix): OB",Appendix A Table A1
zhang2017_275,,,"Zhang et al., 2017","Ingebo,1974; Hibbert et al,1975","Three Bar, Artz, USA, B",,,,,,,forest_cover_change,,point,-100,,,,%,runoff,point,272.7,,,,%,PWE,% cover change (source study),catchment water balance,0.19,582,small,precip data source type (per Zhang appendix): OB,Appendix A Table A1
zhang2017_276,,,"Zhang et al., 2017","Hibbert ,1971,1979; Hibbert and Ingebo,1971;","Three Bar, Artz, USA, C",,,,,,,forest_cover_change,,point,-100,,,,%,runoff,point,227.6,,,,%,PWE,% cover change (source study),catchment water balance,0.39,638,small,precip data source type (per Zhang appendix): OB,Appendix A Table A1
zhang2017_277,,,"Zhang et al., 2017","Hibbert,1967,1969,1971,1979; Hibbert et al., 1975","Three Bar, Artz, USA, F",,,,,,,forest_cover_change,,point,-100,,,,%,runoff,point,225,,,,%,PWE,% cover change (source study),catchment water balance,0.28,681,small,precip data source type (per Zhang appendix): OB,Appendix A Table A1
zhang2017_278,,,"Zhang et al., 2017","Brown et al., 2005",Tierkloo,,,,,,,forest_cover_change,,point,36,,,,%,runoff,point,-11.8,,,,%,PWE,% cover change (source study),catchment water balance,1.57,1809,small,precip data source type (per Zhang appendix): OB,Appendix A Table A1
zhang2017_279,site_treated_a,exact,"Zhang et al., 2017","Webb, 2009",Treated A,-33.5,149.0,Oceania,Cfa,Temperate seasonal forest,,forest_cover_change,,point,-43.2,,,,%,runoff,point,35.3,,,,%,PWE,% cover change (source study),catchment water balance,0.553,1080,small,"lat/lon/koppen/whittaker borrowed from Yang et al. 2023 match (catchment #144, Treated A) - confidence=exact, not manually verified as identical sub-watershed; precip data source type (per Zhang appendix): OB",Appendix A Table A1
zhang2017_280,site_treated_b,probable,"Zhang et al., 2017","Webb, 2009",Treated B,-33.5,149.0,Oceania,Cfa,Temperate seasonal forest,,forest_cover_change,,point,-40.3,,,,%,runoff,point,82.7,,,,%,PWE,% cover change (source study),catchment water balance,0.554,1080,small,"lat/lon/koppen/whittaker borrowed from Yang et al. 2023 match (catchment #145, Treated B) - confidence=probable, not manually verified as identical sub-watershed; precip data source type (per Zhang appendix): OB",Appendix A Table A1
zhang2017_281,,,"Zhang et al., 2017","Winkler et al.,2015",Upper Penticton Creek - 241 creeks,,,,,,,forest_cover_change,,point,-50,,,,%,runoff,point,6,,,,%,PWE,% cover change (source study),catchment water balance,5,750,small,precip data source type (per Zhang appendix): OB,Appendix A Table A1
zhang2017_282,,,"Zhang et al., 2017","Winkler et al.,2015",Upper Penticton Creek - 242 creeks,,,,,,,forest_cover_change,,point,-50,,,,%,runoff,point,0,,,,%,PWE,% cover change (source study),catchment water balance,5,750,small,precip data source type (per Zhang appendix): OB,Appendix A Table A1
zhang2017_283,site_valenciano,exact,"Zhang et al., 2017","Beck et al.,2013",Valenciano,18.2,-65.9,North America,Af,Tropical rain forest,,forest_cover_change,,point,16.5,,,,%,runoff,point,-18.3,,,,%,HM,% cover change (source study),catchment water balance,41.5,2039,small,"lat/lon/koppen/whittaker borrowed from Yang et al. 2023 match (catchment #147, Valenciano) - confidence=exact, not manually verified as identical sub-watershed; precip data source type (per Zhang appendix): MD",Appendix A Table A1
zhang2017_284,,,"Zhang et al., 2017","Ide et al.,2013",Välipuro,,,,,,,forest_cover_change,,point,-9,,,,%,runoff,point,0,,,,%,PWE,% cover change (source study),catchment water balance,0.54,564,small,precip data source type (per Zhang appendix): OB,Appendix A Table A1
zhang2017_285,site_vez_river,exact,"Zhang et al., 2017","Carvalho-Santos et al.,2015",Vez River,41.9,-8.4,Europe,Csb,Temperate seasonal forest,,forest_cover_change,,point,55.5,,,,%,runoff,point,-7,,,,%,HM,% cover change (source study),catchment water balance,252,1500,small,"lat/lon/koppen/whittaker borrowed from Yang et al. 2023 match (catchment #148, Vez River) - confidence=exact, not manually verified as identical sub-watershed; precip data source type (per Zhang appendix): OB",Appendix A Table A1
zhang2017_286,,,"Zhang et al., 2017","Scott,1993",VI H020,,,,,,,forest_cover_change,,point,27,,,,%,runoff,point,-22.1,,,,%,PWE,% cover change (source study),catchment water balance,1.32,838,small,precip data source type (per Zhang appendix): OB,Appendix A Table A1
zhang2017_287,,,"Zhang et al., 2017","Ganatsios and Tsioras,2010","W2,Taxiarhis University Forest",,,,,,,forest_cover_change,,point,-50,,,,%,runoff,point,4.6,,,,%,PWE,% cover change (source study),catchment water balance,19.46,756,small,precip data source type (per Zhang appendix): OB,Appendix A Table A1
zhang2017_288,,,"Zhang et al., 2017","Ganatsios and Tsioras,2010","W3b,Taxiarhis University Forest",,,,,,,forest_cover_change,,point,-100,,,,%,runoff,point,9.7,,,,%,PWE,% cover change (source study),catchment water balance,8.25,756,small,precip data source type (per Zhang appendix): OB,Appendix A Table A1
zhang2017_289,,,"Zhang et al., 2017","Ganatsios and Tsioras,2010","W4a,Taxiarhis University Forest",,,,,,,forest_cover_change,,point,-100,,,,%,runoff,point,9.7,,,,%,PWE,% cover change (source study),catchment water balance,7.7,756,small,precip data source type (per Zhang appendix): OB,Appendix A Table A1
zhang2017_290,,,"Zhang et al., 2017","Ganatsios and Tsioras,2010","W4b,Taxiarhis University Forest",,,,,,,forest_cover_change,,point,-50,,,,%,runoff,point,4.6,,,,%,PWE,% cover change (source study),catchment water balance,8.64,756,small,precip data source type (per Zhang appendix): OB,Appendix A Table A1
zhang2017_291,site_wagon_wheel_gap_co-1,exact,"Zhang et al., 2017","VanHaveren,1988","Wagon Wheel Gap, CO-1",37.8,-106.8,North America,Dfb,Boreal forest,,forest_cover_change,,point,-100,,,,%,runoff,point,15.9,,,,%,PWE,% cover change (source study),catchment water balance,0.81,544,small,"lat/lon/koppen/whittaker borrowed from Yang et al. 2023 match (catchment #149, Wagon Wheel Gap, CO-1) - confidence=exact, not manually verified as identical sub-watershed; precip data source type (per Zhang appendix): OB",Appendix A Table A1
zhang2017_292,site_wagon_wheel_gap_co-2,exact,"Zhang et al., 2017","Bates and Henry ,1928","Wagon Wheel Gap, CO-2",37.8,-106.8,North America,Dfb,Boreal forest,,forest_cover_change,,point,-100,,,,%,runoff,point,29.9,,,,%,PWE,% cover change (source study),catchment water balance,0.81,536,small,"lat/lon/koppen/whittaker borrowed from Yang et al. 2023 match (catchment #150, Wagon Wheel Gap, CO-2) - confidence=exact, not manually verified as identical sub-watershed; precip data source type (per Zhang appendix): OB",Appendix A Table A1
zhang2017_293,site_weicheng_river_catchment,exact,"Zhang et al., 2017","Zhang et al.,2015",Weicheng River catchment,31.7,105.5,Asia,Cfa,Temperate seasonal forest,,forest_cover_change,,point,10,,,,%,runoff,point,-0.7,,,,%,HM,% cover change (source study),catchment water balance,249,910,small,"lat/lon/koppen/whittaker borrowed from Yang et al. 2023 match (catchment #151, Weicheng River catchment) - confidence=exact, not manually verified as identical sub-watershed; precip data source type (per Zhang appendix): OB",Appendix A Table A1
zhang2017_294,,,"Zhang et al., 2017","T. V.A ,1961",White Hollow,,,,,,,forest_cover_change,,point,-34,,,,%,runoff,point,0,,,,%,PWE,% cover change (source study),catchment water balance,6.94,1184,small,precip data source type (per Zhang appendix): OB,Appendix A Table A1
zhang2017_295,,,"Zhang et al., 2017","Brown et al., 2005","White Spar, Ariz., U.S.A, B",,,,,,,forest_cover_change,,point,-15,,,,%,runoff,point,38.2,,,,%,PWE,% cover change (source study),catchment water balance,1,549,small,precip data source type (per Zhang appendix): OB,Appendix A Table A1
zhang2017_296,,,"Zhang et al., 2017","Stednick,1996","White Spar, AZ WS b",,,,,,,forest_cover_change,,point,-20,,,,%,runoff,point,0,,,,%,PWE,% cover change (source study),catchment water balance,1,550,small,precip data source type (per Zhang appendix): OB,Appendix A Table A1
zhang2017_297,site_wicksend,exact,"Zhang et al., 2017","Lane and Mackay, 2001",Wicksend,-36.8,149.5,Oceania,Cfb,Temperate seasonal forest,,forest_cover_change,,point,-38,,,,%,runoff,point,10,,,,%,PWE,% cover change (source study),catchment water balance,0.682,1100,small,"lat/lon/koppen/whittaker borrowed from Yang et al. 2023 match (catchment #155, Wicksend) - confidence=exact, not manually verified as identical sub-watershed; precip data source type (per Zhang appendix): OB",Appendix A Table A1
zhang2017_298,site_wights,exact,"Zhang et al., 2017","Williamson et al., 1987",Wights,-27.4,152.8,Oceania,Cfa,Temperate seasonal forest,,forest_cover_change,,point,-100,,,,%,runoff,point,271.6,,,,%,PWE,% cover change (source study),catchment water balance,0.94,1200,small,"lat/lon/koppen/whittaker borrowed from Yang et al. 2023 match (catchment #156, Wights) - confidence=exact, not manually verified as identical sub-watershed; precip data source type (per Zhang appendix): OB",Appendix A Table A1
zhang2017_299,,,"Zhang et al., 2017","Serengil et al., 2007",W-II,,,,,,,forest_cover_change,,point,-11,,,,%,runoff,point,3,,,,%,PWE,% cover change (source study),catchment water balance,0.775,1050,small,precip data source type (per Zhang appendix): OB,Appendix A Table A1
zhang2017_300,site_willbob,exact,"Zhang et al., 2017","Lane and Mackay, 2001",Willbob,-36.8,149.5,Oceania,Cfb,Temperate seasonal forest,,forest_cover_change,,point,-30,,,,%,runoff,point,31,,,,%,PWE,% cover change (source study),catchment water balance,0.856,1100,small,"lat/lon/koppen/whittaker borrowed from Yang et al. 2023 match (catchment #157, Willbob) - confidence=exact, not manually verified as identical sub-watershed; precip data source type (per Zhang appendix): OB",Appendix A Table A1
zhang2017_301,,,"Zhang et al., 2017","Miller et al.,1988",Willow Cr. AZ,,,,,,,forest_cover_change,,point,-62,,,,%,runoff,point,18.8,,,,%,PWE,% cover change (source study),catchment water balance,0.6,749,small,precip data source type (per Zhang appendix): OB,Appendix A Table A1
zhang2017_302,,,"Zhang et al., 2017","Stednick,1996",Workman Cr. AZ-1,,,,,,,forest_cover_change,,point,-32,,,,%,runoff,point,37.2,,,,%,PWE,% cover change (source study),catchment water balance,1,813,small,precip data source type (per Zhang appendix): OB,Appendix A Table A1
zhang2017_303,,,"Zhang et al., 2017","Hibbert and Gottfried,1987",Workman Cr. AZ-2,,,,,,,forest_cover_change,,point,-73,,,,%,runoff,point,77.9,,,,%,PWE,% cover change (source study),catchment water balance,1,813,small,precip data source type (per Zhang appendix): OB,Appendix A Table A1
zhang2017_304,,,"Zhang et al., 2017","Hibbert and Gottfried , 1987",Workman Cr. AZ-3,,,,,,,forest_cover_change,,point,-40,,,,%,runoff,point,52.3,,,,%,PWE,% cover change (source study),catchment water balance,1,813,small,precip data source type (per Zhang appendix): OB,Appendix A Table A1
zhang2017_305,,,"Zhang et al., 2017","Hibbert and Gottfried ,1987",Workman Cr. AZ-4,,,,,,,forest_cover_change,,point,-83,,,,%,runoff,point,124.4,,,,%,PWE,% cover change (source study),catchment water balance,1,813,small,precip data source type (per Zhang appendix): OB,Appendix A Table A1
zhang2017_306,,,"Zhang et al., 2017","Rich and Gottfried, 1976",Workman Cr. AZ-5,,,,,,,forest_cover_change,,point,-1,,,,%,runoff,point,0,,,,%,PWE,% cover change (source study),catchment water balance,1,810,small,precip data source type (per Zhang appendix): OB,Appendix A Table A1
zhang2017_307,site_ws2_l_r,exact,"Zhang et al., 2017","Hombeck et al., 1993",WS2 L.R.,40.7,-78.0,North America,Dfa,Temperate seasonal forest,,forest_cover_change,,point,-43,,,,%,runoff,point,22,,,,%,PWE,% cover change (source study),catchment water balance,0.43,1060,small,"lat/lon/koppen/whittaker borrowed from Yang et al. 2023 match (catchment #163, WS2 L.R.) - confidence=exact, not manually verified as identical sub-watershed; precip data source type (per Zhang appendix): OB",Appendix A Table A1
zhang2017_308,site_ws2_l_r,exact,"Zhang et al., 2017","Hombeck et al., 1993",WS2 L.R.,40.7,-78.0,North America,Dfa,Temperate seasonal forest,,forest_cover_change,,point,-27,,,,%,runoff,point,13.9,,,,%,PWE,% cover change (source study),catchment water balance,0.43,1060,small,"lat/lon/koppen/whittaker borrowed from Yang et al. 2023 match (catchment #163, WS2 L.R.) - confidence=exact, not manually verified as identical sub-watershed; precip data source type (per Zhang appendix): OB",Appendix A Table A1
zhang2017_309,site_ws2_l_r,exact,"Zhang et al., 2017","Hombeck et al., 1993",WS2 L.R.,40.7,-78.0,North America,Dfa,Temperate seasonal forest,,forest_cover_change,,point,-40,,,,%,runoff,point,18.9,,,,%,PWE,% cover change (source study),catchment water balance,0.43,1060,small,"lat/lon/koppen/whittaker borrowed from Yang et al. 2023 match (catchment #163, WS2 L.R.) - confidence=exact, not manually verified as identical sub-watershed; precip data source type (per Zhang appendix): OB",Appendix A Table A1
zhang2017_310,site_ws4_h_b,exact,"Zhang et al., 2017","Hombeck et al., 1993",WS4 H.B.,44.0,-71.8,North America,Dfb,Temperate seasonal forest,,forest_cover_change,,point,-33,,,,%,runoff,point,40.7,,,,%,PWE,% cover change (source study),catchment water balance,0.36,1340,small,"lat/lon/koppen/whittaker borrowed from Yang et al. 2023 match (catchment #166, WS4 H.B.) - confidence=exact, not manually verified as identical sub-watershed; precip data source type (per Zhang appendix): OB",Appendix A Table A1
zhang2017_311,site_yarra_river,exact,"Zhang et al., 2017","Zhou et al., 2015",Yarra River,-37.7,146.0,Oceania,Cfb,Temperate seasonal forest,,forest_cover_change,,point,-45.6,,,,%,runoff,point,9.9,,,,%,PWE,% cover change (source study),catchment water balance,149.43,1497,small,"lat/lon/koppen/whittaker borrowed from Yang et al. 2023 match (catchment #171, Yarra River) - confidence=exact, not manually verified as identical sub-watershed; precip data source type (per Zhang appendix): OB",Appendix A Table A1
zhang2017_312,,,"Zhang et al., 2017","Zhou et al., 2015",Yerrami. S,,,,,,,forest_cover_change,,point,60,,,,%,runoff,point,83.3,,,,%,PWE,% cover change (source study),catchment water balance,2.7,850,small,precip data source type (per Zhang appendix): OB,Appendix A Table A1
